fantraxId,name,position,team,taken
i01mjc,A.J. Jenks,LW,(N/A),false
i0667c,A.J. Vanderbeck,C,(N/A),false
i048zp,A.J. White,LW,(N/A),false
i042y5,Aapeli Rasanen,C,(N/A),false
i04f7n,Aarne Talvitie,C,(N/A),false
i02frg,Aaron Bogosian,LW,(N/A),false
i004oz,Aaron Boogaard,RW,(N/A),false
i003nq,Aaron Gagnon,C,(N/A),false
i062o4,Aaron Hakala,C,(N/A),false
i03l0q,Aaron Harstad,D,(N/A),false
i03edc,Aaron Haydon,D,DAL,false
i051u5,Aaron Huglen,RW,PIT,false
i048ya,Aaron Hyman,D,(N/A),false
i03edk,Aaron Irving,D,VAN,false
i04lod,Aaron Luchuk,C,(N/A),false
i01cgx,Aaron Palushaj,RW,(N/A),false
i062hx,Aaron Pionk,D,MIN,false
i0243s,Aaron Snow,LW,DAL,false
i0599v,Aaron Thow,D,VAN,false
i06mbm,Aatos Koivu,C,MTL,false
i05oyb,Aatu Jamsen,RW,LAK,false
i062sj,Abram Wiebe,D,CGY,false
i04ffu,Adam Ahman,G,(N/A),false
i01nlo,Adam Almquist,D,(N/A),false
i0760l,Adam Andersson,C,MIN,false
i051m0,Adam Beckman,LW,COL,false
i06pyo,Adam Benak,C,MIN,false
i004kt,Adam Berti,LW,(N/A),false
i043i8,Adam Brizgala,G,(N/A),false
i03m53,Adam Brodecki,LW,(N/A),false
i03ys8,Adam Brooks,C,(N/A),false
i05xd8,Adam Brubacher,D,(N/A),false
i0598q,Adam Capannelli,C,(N/A),false
i06cfr,Adam Cedzo,RW,(N/A),false
i0404v,Adam Chapie,RW,(N/A),false
i01g5z,Adam Comrie,D,(N/A),false
i004jp,Adam Courchaine,G,(N/A),false
i003gt,Adam Dennis,G,(N/A),false
i06buj,Adam Dybal,G,(N/A),false
i061a1,Adam Engstrom,D,MTL,false
i067yt,Adam Gajan,G,CHI,false
i04rzs,Adam Gajarsky,RW,(N/A),false
i02o72,Adam Gilmour,C,(N/A),false
i04qy6,Adam Ginning,D,VGK,false
i076ig,Adam Goljer,D,LAK,false
i03l7c,Adam Helewka,LW,CBJ,false
i00430,Adam Henrich,LW,(N/A),false
i003kf,Adam Hobson,C,(N/A),false
i03ycs,Adam Holwell,D,(N/A),false
i03rjg,Adam Huska,G,NYR,false
i003qe,Adam Huxley,LW,EDM,false
i05ymm,Adam Ingram,C,NSH,false
i01zri,Adam Janosik,D,TBL,false
i06ll3,Adam Jecho,RW,STL,false
i06fzw,Adam Jiricek,D,STL,false
i03qhu,Adam Johnson,LW,(N/A),false
i060vl,Adam Karashik,D,(N/A),false
i004k9,Adam Keefe,RW,(N/A),false
i06mbn,Adam Kleber,D,BUF,false
i048xy,Adam Krause,C,PIT,false
i04kwo,Adam Kubik,C,(N/A),false
i07ad5,Adam Kydd,LW,(N/A),false
i076wu,Adam Levac,C,DET,false
i050mq,Adam Liska,LW,(N/A),false
i03rjv,Adam Marsh,LW,DET,false
i042vo,Adam Mascherin,LW,DAL,false
i04rne,Adam McCormick,D,(N/A),false
i06put,Adam Mechura,C,BOS,false
i01mzl,Adam Morrison,G,(N/A),false
i03rg3,Adam Musil,C,(N/A),false
i06l4l,Adam Najman,C,(N/A),false
i0760j,Adam Nemec,LW,OTT,false
i06r60,Adam Novotny,LW,VAN,false
i03dho,Adam Ollas Mattson,D,(N/A),false
i03riu,Adam Parsells,D,SJS,false
i02fsi,Adam Payerl,C,(N/A),false
i0248v,Adam Pettersson,C,(N/A),false
i003n1,Adam Pineault,RW,(N/A),false
i04xbc,Adam Plant,D,(N/A),false
i01zrc,Adam Polasek,D,(N/A),false
i05ng0,Adam Raska,LW,(N/A),false
i02g29,Adam Reid,LW,(N/A),false
i03mnw,Adam Reideborn,G,(N/A),false
i06l4m,Adam Robbins,RW,(N/A),false
i0598h,Adam Rockwood,C,FLA,false
i04r7c,Adam Samuelsson,D,(N/A),false
i0457a,Adam Scheel,G,NJD,false
i0430k,Adam Smith,D,NSH,false
i060on,Adam Sykora,LW,NYR,false
i031om,Adam Tambellini,C,(N/A),false
i04fjc,Adam Thilander,D,(N/A),false
i070fq,Adam Valentini,LW,UTA,false
i04130,Adam Vay,G,(N/A),false
i042xl,Adam Werner,G,CGY,false
i02g1k,Adam Wilcox,G,STL,false
i003u4,Adrian Foster,C,(N/A),false
i05ykr,Adrian Holesinsky,C,(N/A),false
i06ht5,Adrian Misaljevic,C,(N/A),false
i039rj,Ahti Oksanen,LW,NYR,false
i05n89,Aidan Campbell,G,(N/A),false
i061w9,Aidan Castle,LW,(N/A),false
i05ogk,Aidan De La Gorgendiere,D,(N/A),false
i04qzi,Aidan Dudas,C,(N/A),false
i06av7,Aidan Fulp,D,BUF,false
i058t8,Aidan Hreschuk,D,DAL,false
i02g23,Aidan Kelly,LW,(N/A),false
i06uka,Aidan Lane,RW,CGY,false
i051w2,Aidan McDonough,LW,BUF,false
i031pz,Aidan Muir,LW,EDM,false
i06mgr,Aidan Park,RW,EDM,false
i06gyf,Aidan Spellacy,LW,(N/A),false
i062jd,Aidan Thompson,C,NYR,false
i0484s,Aidan Wallace,LW,(N/A),false
i06ckh,Aiden Celebrini,D,VAN,false
i061w7,Aiden Dubinsky,D,(N/A),false
i06baf,Aiden Fink,RW,NSH,false
i06xxm,Aiden Foster,C,TBL,false
i03woo,Aiden Jamieson,D,(N/A),false
i07a3s,Aiden ODonnell,F,(N/A),false
i05uxs,Aito Iguchi,F,(N/A),false
i06mda,AJ Spellacy,C,CHI,false
i004mn,Aki Seitsonen,C,(N/A),false
i04lc7,Akil Thomas,RW,VAN,false
i012yv,Akim Aliu,RW,(N/A),false
i05rex,Akito Hirose,D,VAN,false
i05u3h,Aku Koskenvuo,G,VAN,false
i051z2,Aku Raty,RW,EDM,false
i026kf,Alain Berger,LW,(N/A),false
i04335,Alan Lyszczarczyk,C,(N/A),false
i076qd,Alan Shaikhlislamov,LW,CGY,false
i05lnn,Albert Lyckasen,D,(N/A),false
i05udm,Albert Sjoberg,RW,DAL,false
i06bdk,Albert Wikman,D,FLA,false
i03mla,Albert Yarullin,D,(N/A),false
i074v8,Alberts Smits,D,NYR,false
i06lv3,Albin Boija,G,(N/A),false
i04qy2,Albin Eriksson,RW,DAL,false
i04zoo,Albin Grewe,LW,(N/A),false
i06mqn,Albin Sundin,D,EDM,false
i051xc,Albin Sundsvik,C,(N/A),false
i03knp,Alden Hirschfeld,RW,(N/A),false
i03wqi,Alec Broetzman,LW,(N/A),false
i03ed8,Alec Dillon,G,LAK,false
i04n8y,Alec McCrea,D,(N/A),false
i04mpz,Alec Rauhauser,D,FLA,false
i04qyg,Alec Regula,D,EDM,false
i01cwu,Alec Richards,G,(N/A),false
i051yx,Aleks Haatanen,LW,(N/A),false
i060jk,Aleksanteri Kaskimaki,C,STL,false
i03xyq,Aleksi Elorinne,D,(N/A),false
i05td0,Aleksi Heimosalmi,D,CAR,false
i04f0r,Aleksi Heponiemi,C,FLA,false
i0746h,Aleksi Kivioja,C,(N/A),false
i031uj,Aleksi Makela,D,DAL,false
i05o63,Aleksi Matinmikko,D,(N/A),false
i03as4,Aleksi Saarela,C,FLA,false
i061bf,Ales Cech,D,UTA,false
i03rgg,Ales Stezka,G,(N/A),false
i071wr,Alessandro Di Iorio,C,CBJ,false
i033rj,Alessio Bertaggia,RW,(N/A),false
i038ic,Alex Aleardi,RW,CBJ,false
i03cz9,Alex Basso,D,(N/A),false
i04zsr,Alex Beaucage,RW,(N/A),false
i04l8t,Alex Belzile,RW,MTL,false
i01c9m,Alex Berry,RW,(N/A),false
i03k86,Alex Boak,D,(N/A),false
i004nd,Alex Bourret,RW,(N/A),false
i0597p,Alex Breton,D,(N/A),false
i02u83,Alex Broadhurst,C,(N/A),false
i060pq,Alex Bump,LW,PHI,false
i05uxr,Alex Christopoulos,RW,(N/A),false
i062kb,Alex Ciernik,RW,PHI,false
i05gse,Alex Cotton,D,DET,false
i03cb6,Alex Coulombe,D,(N/A),false
i04fh4,Alex D'Orio,G,(N/A),false
i042x7,Alex Dostie,C,(N/A),false
i02wwe,Alex Dubeau,G,(N/A),false
i02yel,Alex Forsberg,C,(N/A),false
i004mb,Alex Foster,C,(N/A),false
i01zqq,Alex Friesen,C,(N/A),false
i072oo,Alex Gaffney,C,(N/A),false
i05uap,Alex Gagne,D,COL,false
i048vo,Alex Gallant,C,CGY,false
i03bvf,Alex Globke,C,(N/A),false
i03moa,Alex Goulet,C,(N/A),false
i05uxd,Alex Graham,LW,(N/A),false
i019yl,Alex Grant,D,(N/A),false
i04qzp,Alex Green,D,MTL,false
i03d0w,Alex Grieve,RW,(N/A),false
i03km4,Alex Gudbranson,D,TOR,false
i01zsn,Alex Guptill,LW,(N/A),false
i06pyq,Alex Huang,D,NSH,false
i027bq,Alex Hudson,RW,(N/A),false
i01n7y,Alex Hutchings,LW,(N/A),false
i05oxr,Alex Jefferies,RW,NYI,false
i04r0h,Alex Kannok-Leipert,D,DET,false
i02b3z,Alex Khokhlachev,LW,(N/A),false
i03nsr,Alex Kile,LW,PHI,false
i071qi,Alex Kostov,RW,LAK,false
i03kql,Alex Krushelnyski,LW,CHI,false
i02fpx,Alex Lepkowski,D,BUF,false
i04iwc,Alex Limoges,C,WSH,false
i03eb5,Alex Lintuniemi,D,(N/A),false
i02npi,Alex Mallet,LW,(N/A),false
i04xc0,Alex Overhardt,C,(N/A),false
i07a3g,Alex Pelletier,LW,(N/A),false
i0406l,Alex Petan,RW,(N/A),false
i03ebh,Alex Peters,D,EDM,false
i06bdw,Alex Pharand,RW,CHI,false
i003qo,Alex Plante,D,(N/A),false
i02fts,Alex Roach,D,(N/A),false
i04xdq,Alex Sakellaropoulos,G,(N/A),false
i02y8r,Alex Saulnier,C,(N/A),false
i03ebe,Alex Schoenborn,RW,(N/A),false
i060or,Alex Sotek,RW,(N/A),false
i04ris,Alex Steeves,LW,BOS,false
i0642e,Alex Swetlikoff,LW,(N/A),false
i01zu7,Alex Theriau,D,(N/A),false
i0243n,Alex Velischek,RW,PIT,false
i06cdo,Alex Weiermair,C,VGK,false
i05x9r,Alex Whelan,RW,NYR,false
i03wog,Alex Wideman,LW,OTT,false
i071mc,Alex Worthington,G,WPG,false
i05oyd,Alex Young,C,SJS,false
i05x7d,Alex-Olivier Voyer,RW,MTL,false
i01gjg,Alexander Avtsin,RW,(N/A),false
i0769h,Alexander Bilecki,D,TOR,false
i05xpi,Alexander Bishop,G,(N/A),false
i061to,Alexander Blank,C,(N/A),false
i051tl,Alexander Campbell,LW,NJD,false
i04ap7,Alexander Chmelevski,C,SJS,false
i075u7,Alexander Command,C,NJD,false
i04yly,Alexander Daryin,RW,(N/A),false
i02o7g,Alexander Delnov,LW,FLA,false
i03rfn,Alexander Dergachyov,C,(N/A),false
i01n7w,Alexander Fallstrom,RW,BOS,false
i06pld,Alexander Filatyev,C,(N/A),false
i02yhg,Alexander Gogolev,LW,(N/A),false
i051xg,Alexander Gordin,LW,MTL,false
i076yl,Alexander Grunin,D,OTT,false
i066rf,Alexander Hellnemo,G,(N/A),false
i004my,Alexander Hellstrom,D,(N/A),false
i03caw,Alexander Henriksson,RW,(N/A),false
i076xi,Alexander Ivanov,D,CHI,false
i03cc0,Alexander Kadeykin,C,DET,false
i076xg,Alexander Karmanov,D,SJS,false
i04ajm,Alexander Khovanov,C,(N/A),false
i05tqq,Alexander Kisakov,LW,BUF,false
i05luo,Alexander Ljungkrantz,LW,(N/A),false
i05y36,Alexander Lundqvist,D,(N/A),false
i06665,Alexander Mirzabalayev,LW,(N/A),false
i060nu,Alexander Muromtsev,LW,(N/A),false
i00420,Alexander Nikulin,C,(N/A),false
i05kn7,Alexander Pashin,RW,(N/A),false
i01s7p,Alexander Pechurskiy,G,PIT,false
i060xk,Alexander Pelevin,D,CAR,false
i060hn,Alexander Perevalov,LW,CAR,false
i024iz,Alexander Perezhogin,RW,(N/A),false
i05rfq,Alexander Petunin,C,(N/A),false
i06mr6,Alexander Plesovskikh,LW,TOR,false
i043j5,Alexander Polunin,LW,(N/A),false
i060xt,Alexander Ponomaryov,RW,(N/A),false
i02b6u,Alexander Ruuttu,C,UTA,false
i06bdl,Alexander Rykov,RW,CAR,false
i01fx8,Alexander Salak,G,(N/A),false
i04an0,Alexander Samoilov,G,(N/A),false
i0597l,Alexander Samonov,G,(N/A),false
i04813,Alexander Saunders,D,(N/A),false
i03ekm,Alexander Sharov,LW,(N/A),false
i03mnx,Alexander Sharychenkov,G,(N/A),false
i06mh3,Alexander Siryatsky,D,CAR,false
i05xw6,Alexander Skorenov,F,(N/A),false
i061lt,Alexander Smolin,G,(N/A),false
i03wql,Alexander Sudnitsin,G,(N/A),false
i05uo6,Alexander Suvorov,LW,(N/A),false
i060jn,Alexander Suzdalev,LW,WSH,false
i066c8,Alexander Tracy,G,VGK,false
i04l90,Alexander True,C,FLA,false
i01mjd,Alexander Urbom,D,(N/A),false
i04f0x,Alexander Volkov,RW,(N/A),false
i06r9m,Alexander Volkov,C,(N/A),false
i05gch,Alexander Yakovenko,D,(N/A),false
i0667b,Alexander Yaremchuk,RW,(N/A),false
i04og6,Alexander Yelesin,D,(N/A),false
i03sdb,Alexander Younan,D,(N/A),false
i04r6b,Alexander Zhabreyev,C,(N/A),false
i06spu,Alexander Zharovsky,RW,MTL,false
i051u8,Alexandr Darin,RW,UTA,false
i07ad2,Alexandr Legkov,LW,(N/A),false
i03wkg,Alexandre Alain,C,MTL,false
i031v0,Alexandre Belanger,G,MIN,false
i06lva,Alexandre Blais,LW,ANA,false
i067z0,Alexandre Doucet,C,(N/A),false
i0440e,Alexandre Fortin,C,MTL,false
i02dq9,Alexandre Grenier,RW,(N/A),false
i003n0,Alexandre Picard,LW,(N/A),false
i076xu,Alexandre Raymond,G,COL,false
i076x2,Alexandre Taillefer,D,WPG,false
i04ajj,Alexei Bereglazov,D,NYR,false
i04llu,Alexei Byvaltsev,C,(N/A),false
i0053w,Alexei Kaigorodov,C,(N/A),false
i05r8v,Alexei Kolosov,G,PHI,false
i05r3v,Alexei Kozhevnikov,D,(N/A),false
i047gs,Alexei Krasikov,G,(N/A),false
i04f1f,Alexei Lipanov,C,TBL,false
i04fw9,Alexei Makeyev,LW,(N/A),false
i06rmr,Alexei Medvedev,G,VAN,false
i059tc,Alexei Melnichuk,G,TBL,false
i04lgy,Alexei Polodyan,C,(N/A),false
i05unm,Alexei Prokopenko,LW,(N/A),false
i059dl,Alexei Tsyplakov,LW,(N/A),false
i059fh,Alexey Solovyev,D,(N/A),false
i06mhm,Alexis Bernier,D,SEA,false
i06uz3,Alexis Cournoyer,G,MTL,false
i03ycr,Alexis D'Aoust,RW,(N/A),false
i06hd0,Alexis Daviault,D,(N/A),false
i062k4,Alexis Gendron,RW,(N/A),false
i04ld2,Alexis Gravel,G,MTL,false
i03pd3,Alexis Loiseau,C,OTT,false
i06xxp,Alexis Mathieu,D,ANA,false
i03ecb,Alexis Pepin,LW,COL,false
i03ec0,Alexis Vanier,D,SJS,false
i06luv,Alfons Freij,D,WPG,false
i042x1,Alfons Malmstrom,D,DET,false
i02y8s,Allain Saulnier,RW,(N/A),false
i03wld,Allan McPherson,C,(N/A),false
i04lcg,Allan McShane,C,MTL,false
i076xf,Alofa Tunoa Ta'amu,D,WPG,false
i061a0,Amadeus Lombardi,C,NJD,false
i06l28,Amine Hajibi,LW,(N/A),false
i05227,Amir Garayev,LW,(N/A),false
i04rdr,Amir Miftakhov,G,(N/A),false
i03xyr,Anatoly Golyshev,RW,(N/A),false
i04lbt,Anderson MacDonald,LW,(N/A),false
i061w8,Andon Cerbone,C,(N/A),false
i03rj4,Andong Song,D,(N/A),false
i004o9,Andre Deveaux,C,(N/A),false
i05ud9,Andre Gasseau,C,SJS,false
i06bep,Andre Heim,RW,(N/A),false
i051vv,Andre Lee,LW,LAK,false
i071me,Andre Mondoux,D,PHI,false
i01s5f,Andre Petersson,RW,(N/A),false
i06lkw,Andrea Glauser,D,(N/A),false
i04a9t,Andreas Bernard,G,(N/A),false
i04ayk,Andreas Borgman,D,(N/A),false
i01zqt,Andreas Dahlstrom,C,(N/A),false
i05y2a,Andreas Eder,RW,(N/A),false
i01fj9,Andreas Engqvist,C,(N/A),false
i00qld,Andreas Jamtin,RW,NYR,false
i03yip,Andreas Kaberg,G,(N/A),false
i049jf,Andreas Maier,C,(N/A),false
i03ed6,Andreas Soderberg,D,CHI,false
i003x5,Andreas Thuresson,RW,(N/A),false
i059y4,Andreas Wingerli,LW,COL,false
i04f1a,Andrei Altybarmakyan,RW,(N/A),false
i0657e,Andrei Bakanov,LW,(N/A),false
i05uey,Andrei Buyalsky,C,COL,false
i050yb,Andrei Chibisov,RW,(N/A),false
i04abh,Andrei Filonenko,G,(N/A),false
i04ayj,Andrei Kareyev,G,(N/A),false
i06mpe,Andrei Krutov,LW,CAR,false
i06c96,Andrei Loshko,C,SEA,false
i0641k,Andrei Malyavin,D,(N/A),false
i03c9b,Andrei Mironov,D,(N/A),false
i03d0i,Andrei Popov,RW,(N/A),false
i07a2c,Andrei Pustovoi,RW,(N/A),false
i04409,Andrei Svetlakov,C,BOS,false
i01mkk,Andrei Taratukhin,C,CGY,false
i06xwo,Andrei Trofimov,G,OTT,false
i01dlp,Andres Ambuhl,RW,(N/A),false
i02ygs,Andrew Agozzino,LW,(N/A),false
i003ux,Andrew Archer,D,(N/A),false
i06ll5,Andrew Basha,LW,CGY,false
i003fl,Andrew Bodnarchuk,D,(N/A),false
i03brr,Andrew Calof,RW,(N/A),false
i016fp,Andrew Campbell,D,(N/A),false
i02fst,Andrew Carroll,C,(N/A),false
i03wlx,Andrew Cherniwchan,RW,(N/A),false
i01c42,Andrew Conboy,LW,(N/A),false
i023vj,Andrew Crescenzi,C,(N/A),false
i062dy,Andrew Cristall,LW,WSH,false
i03d26,Andrew Engelage,G,(N/A),false
i02frj,Andrew Fritsch,RW,(N/A),false
i06bam,Andrew Gibson,D,NSH,false
i03avh,Andrew Gladiuk,LW,(N/A),false
i004nw,Andrew Gordon,RW,(N/A),false
i02jxg,Andrew Johnston,LW,(N/A),false
i004cd,Andrew Joudrey,C,CBJ,false
i01dy4,Andrew Kozek,LW,(N/A),false
i06xy0,Andrew MacNiel,D,MTL,false
i02zlp,Andrew MacWilliam,D,(N/A),false
i02zq7,Andrew Miller,RW,(N/A),false
i03rfg,Andrew Nielsen,D,(N/A),false
i02o7b,Andrew O'Brien,D,(N/A),false
i04al7,Andrew Oglevie,C,(N/A),false
i060xv,Andrew Oke,G,(N/A),false
i05xyp,Andrew Perrott,D,PHI,false
i05x7a,Andrew Peski,D,BOS,false
i04un2,Andrew Petrucci,LW,(N/A),false
i03xyp,Andrew Poturalski,C,SJS,false
i03wkw,Andrew Prochno,D,(N/A),false
i079g9,Andrew Reyelts,G,WSH,false
i076ws,Andrew Robinson,D,EDM,false
i01ud0,Andrew Rowe,LW,(N/A),false
i04z1f,Andrew Shortridge,G,(N/A),false
i06be7,Andrew Strathmann,D,CBJ,false
i04loj,Andrew Sturtz,RW,(N/A),false
i00578,Andrew Sweetland,LW,(N/A),false
i01zsp,Andrew Yogan,C,(N/A),false
i02h7p,Andrey Makarov,G,(N/A),false
i02eg6,Andrey Pedan,D,(N/A),false
i00qnw,Andrey Plekhanov,D,(N/A),false
i02080,Andrey Zubarev,D,(N/A),false
i05yjx,Andris Dzerins,C,(N/A),false
i01mzs,Andy Bathgate,C,PIT,false
i01hw4,Andy Chiodo,G,(N/A),false
i02z2z,Andy Iles,G,(N/A),false
i025id,Andy Miele,C,(N/A),false
i00494,Andy Rogers,D,(N/A),false
i0244t,Andy Taranto,RW,(N/A),false
i02g24,Andy Welinski,D,FLA,false
i06cg3,Aneslmo Rego,C,(N/A),false
i00457,Angelo Esposito,C,(N/A),false
i03ry0,Angelo Miceli,C,NSH,false
i060nb,Angus Booth,D,LAK,false
i04qzt,Angus Crookshank,LW,FLA,false
i06bdy,Angus MacDonell,C,DAL,false
i04a9u,Angus Redmond,G,(N/A),false
i06uat,Anri Ravinskis,LW,VAN,false
i05x76,Anson Thornton,G,(N/A),false
i06uvr,Anthony Allain-Samake,D,ANA,false
i03ed3,Anthony Angello,RW,(N/A),false
i03xmi,Anthony Beauregard,C,(N/A),false
i02yjm,Anthony Brodeur,G,NJD,false
i02fsh,Anthony Camara,LW,(N/A),false
i06mgt,Anthony Cristoforo,D,DAL,false
i04rn9,Anthony Del Gaizo,LW,(N/A),false
i03jvv,Anthony Deluca,LW,(N/A),false
i0393s,Anthony DiFruscia,LW,(N/A),false
i04ln3,Anthony Dumont-Bouchard,G,(N/A),false
i031qt,Anthony Florentino,D,BUF,false
i048vr,Anthony Greco,RW,NYR,false
i0248u,Anthony Hamburg,C,MIN,false
i031sz,Anthony Louis,C,DAL,false
i026jv,Anthony Luciani,RW,(N/A),false
i0590e,Anthony Nellis,C,(N/A),false
i03nqe,Anthony Peters,G,(N/A),false
i04xdp,Anthony Popovich,G,(N/A),false
i03oyt,Anthony Richard,C,PHI,false
i06cfk,Anthony Romani,C,VAN,false
i051vj,Anthony Romano,C,DAL,false
i042yo,Anthony Salinitri,C,PHI,false
i031sq,Antoine Bibeau,G,(N/A),false
i0648c,Antoine Coulombe,G,(N/A),false
i04ggk,Antoine Crete-Belzile,D,(N/A),false
i06mr1,Antoine Dorion,C,STL,false
i06ce2,Antoine Keller,G,WSH,false
i015qq,Antoine LaFleur,G,NYR,false
i02yqp,Antoine Laganiere,LW,(N/A),false
i048x3,Antoine Morand,C,TBL,false
i04336,Antoine Samuel,G,MTL,false
i04cbt,Antoine Waked,RW,(N/A),false
i04f8p,Anton Andersson,D,STL,false
i030wy,Anton Belov,D,(N/A),false
i02613,Anton Blomqvist,D,(N/A),false
i03wqn,Anton Burdasov,RW,(N/A),false
i05uww,Anton Castro,G,(N/A),false
i031qv,Anton Cederholm,D,(N/A),false
i076yj,Anton Emil Wilde Larsen,G,DAL,false
i06jhd,Anton Frondell,C,CHI,false
i016g6,Anton Gustafsson,LW,(N/A),false
i070td,Anton Heikkinen,LW,(N/A),false
i05ku5,Anton Johannesson,D,(N/A),false
i061bk,Anton Johansson,D,DET,false
i03asn,Anton Karlsson,D,CBJ,false
i01mk9,Anton Klementyev,D,(N/A),false
i072ix,Anton Kosolapov,LW,(N/A),false
i05ygf,Anton Levtchi,LW,(N/A),false
i03ed2,Anton Lindholm,D,CHI,false
i05ms3,Anton Lukichyov,D,(N/A),false
i06s0w,Anton Lundmark,RW,(N/A),false
i06agf,Anton Malmstrom,D,(N/A),false
i05tql,Anton Olsson,D,NSH,false
i01mkg,Anton Rodin,RW,(N/A),false
i06hcp,Anton Silayev,D,NJD,false
i0569r,Anton Vasilyev,LW,(N/A),false
i06bab,Anton Wahlberg,C,ANA,false
i050bw,Anton Wedin,LW,(N/A),false
i02nqv,Anton Zlobin,RW,(N/A),false
i05wwa,Antonin Verreault,LW,(N/A),false
i0251a,Antonio Mastropietro,G,(N/A),false
i058wp,Antonio Stranges,LW,(N/A),false
i03eta,Antti Kalapudas,C,(N/A),false
i04f88,Antti Palojarvi,D,(N/A),false
i003ww,Antti Pihlstrom,LW,(N/A),false
i051uh,Antti Saarela,C,CHI,false
i04fw8,Antti Suomela,C,TOR,false
i051td,Antti Tuomisto,D,VGK,false
i027h0,Antti Tyrvainen,RW,(N/A),false
i06ce4,Antti Virtanen,C,(N/A),false
i04xeh,Anttoni Honka,D,(N/A),false
i076yk,Anttoni Uronen,C,CBJ,false
i06baj,Aram Minnetian,D,DAL,false
i03emx,Arkhip Nekolenko,LW,(N/A),false
i04f7s,Arnaud Durandeau,LW,(N/A),false
i06cfm,Arno Tiefensee,G,DAL,false
i06xww,Aron Dahlqvist,D,WSH,false
i05rjz,Aron Kiviharju,D,MIN,false
i051vg,Arsen Khisamutdinov,C,MTL,false
i060nq,Arseni Koromyslov,D,STL,false
i06xw0,Arseni Radkov,G,MTL,false
i05ugg,Arsenii Sergeev,G,CGY,false
i051um,Arseny Gritsyuk,RW,NJD,false
i05ymt,Arshdeep Bains,LW,VAN,false
i05uff,Artem Guryev,D,(N/A),false
i02ni4,Artem Sergeev,D,TBL,false
i05luh,Artem Shlaine,C,DAL,false
i049vl,Artemi Kniazev,D,(N/A),false
i06hcn,Artemi Pleshkov,G,(N/A),false
i06jhj,Arttu Alasiurua,C,(N/A),false
i06kkx,Arttu Hyry,RW,DAL,false
i06c3x,Arttu Karki,D,VGK,false
i04rtq,Arttu Nevasaari,RW,(N/A),false
i04y48,Arttu Ruotsalainen,C,BUF,false
i05nik,Artur Akhtyamov,G,TOR,false
i043co,Artur Boltanov,LW,(N/A),false
i05ug9,Artur Cholach,D,VGK,false
i07a3j,Artur Faizov,RW,(N/A),false
i04yo8,Artur Gatiyatov,LW,(N/A),false
i02ob6,Artur Gavrus,C,(N/A),false
i042vv,Artur Kayumov,LW,CHI,false
i04afm,Artur Tyanulin,RW,(N/A),false
i015ov,Arturs Kulda,D,(N/A),false
i060xq,Artyom Barabosha,D,NJD,false
i060jm,Artyom Duda,D,UTA,false
i05ahf,Artyom Galimov,LW,ANA,false
i06xvz,Artyom Gonchar,D,NYR,false
i05tqn,Artyom Grushnikov,D,(N/A),false
i0598z,Artyom Ivanyuzhenkov,LW,SJS,false
i06cfn,Artyom Kashtanov,C,(N/A),false
i04qni,Artyom Manukyan,RW,VAN,false
i076yg,Artyom Matyuk,C,NYI,false
i04fj6,Artyom Minulin,D,(N/A),false
i05ymu,Artyom Nikolayev,LW,(N/A),false
i0769e,Artyom Prima,LW,UTA,false
i05uxu,Artyom Serikov,D,(N/A),false
i04a43,Artyom Zagidulin,G,(N/A),false
i06bus,Arvid Bergstrom,D,(N/A),false
i051wg,Arvid Costmar,C,VAN,false
i06tmm,Arvid Drott,RW,FLA,false
i05uci,Arvid Eljas,C,(N/A),false
i0430c,Arvid Henrikson,D,SJS,false
i04f7u,Arvid Holm,G,(N/A),false
i05u2j,Arvid Sundin,LW,(N/A),false
i06pwt,Asanali Sarkenov,RW,COL,false
i06uvs,Asher Barnett,D,EDM,false
i05rj9,Ashton Calder,RW,NYI,false
i06xxc,Ashton Cumby,D,CHI,false
i004np,Ashton Rome,RW,WSH,false
i03nfq,Ashton Sautner,D,(N/A),false
i06tzf,Ashton Schultz,RW,BUF,false
i06dms,Atlee Calvert,C,PIT,false
i06ida,Atro Leppanen,D,EDM,false
i01mz3,Atte Engren,G,(N/A),false
i06sq1,Atte Joki,C,DAL,false
i03yf7,Atte Tolvanen,G,(N/A),false
i05u0m,Attilio Biasca,C,BOS,false
i03kq9,August Gunnarsson,RW,(N/A),false
i02frn,Austen Brassard,RW,(N/A),false
i04fh6,Austen Keating,C,(N/A),false
i056av,Austen Swankler,C,(N/A),false
i06lv8,Austin Baker,C,DET,false
i074mf,Austin Brimmer,RW,VAN,false
i06ieg,Austin Burnevik,RW,ANA,false
i03d06,Austin Cangelosi,C,(N/A),false
i038oc,Austin Carroll,RW,(N/A),false
i066ku,Austin Elliott,G,(N/A),false
i02yck,Austin Farley,LW,(N/A),false
i038lb,Austin Fyten,LW,(N/A),false
i01zr3,Austin Levi,D,(N/A),false
i0321l,Austin Lotz,G,(N/A),false
i01zup,Austin Madaisky,D,CBJ,false
i06mr9,Austin Moline,D,PHI,false
i03mlo,Austin Ortega,RW,(N/A),false
i0430e,Austin Osmanski,D,STL,false
i03xwq,Austin Plevy,C,(N/A),false
i03ec8,Austin Poganski,RW,UTA,false
i04fja,Austin Pratt,C,(N/A),false
i06682,Austin Roest,C,NSH,false
i05gto,Austin Rueschhoff,RW,(N/A),false
i01s8c,Austin Smith,RW,(N/A),false
i04mal,Austin Strand,D,(N/A),false
i04r1o,Austin Wong,C,WPG,false
i02o7a,Austin Wuthrich,RW,WSH,false
i03wm1,Austyn Playfair,C,UTA,false
i05ub8,Avery Hayes,RW,PIT,false
i031sl,Avery Peterson,C,MIN,false
i05x9w,Avery Winslow,D,(N/A),false
i04qy9,Axel Andersson,D,(N/A),false
i051w4,Axel Bergkvist,D,UTA,false
i071wo,Axel Elofsson,D,COL,false
i03eeg,Axel Holmstrom,C,(N/A),false
i06clf,Axel Hurtig,D,CGY,false
i06c5p,Axel Landen,D,SJS,false
i060y4,Axel Mangbo,G,(N/A),false
i04nkd,Axel Ottosson,C,(N/A),false
i05g3j,Axel Rindell,D,TOR,false
i067xz,Axel Sandin Pellikka,D,DET,false
i066sp,Aydar Suniev,LW,CGY,false
i05tcy,Ayrton Martino,LW,DAL,false
i062pt,Barrett Hall,C,SEA,false
i0385o,Barry Almeida,LW,(N/A),false
i004n9,Barry Brust,G,OTT,false
i03wot,Barry Goers,D,PIT,false
i003yj,Barry Tallackson,RW,(N/A),false
i06mqj,Basile Sansonnens,D,VAN,false
i06mqm,Bauer Berry,D,EDM,false
i05nft,Bear Hughes,C,VGK,false
i06ba8,Beau Akey,D,EDM,false
i0618i,Beau Jelsma,LW,(N/A),false
i02j7l,Beau Schmitz,D,(N/A),false
i03ebq,Beau Starrett,C,EDM,false
i05980,Beck Warm,G,SJS,false
i0760m,Beckett Hamilton,RW,COL,false
i06bdq,Beckett Hendrickson,LW,BOS,false
i070fs,Beckham Edwards,C,DET,false
i06hbg,Ben Berard,LW,(N/A),false
i031se,Ben Betker,D,(N/A),false
i02j6x,Ben Blood,D,(N/A),false
i05ufw,Ben Boyd,LW,UTA,false
i04s1f,Ben Brinkman,D,MIN,false
i06ahz,Ben Copeland,C,(N/A),false
i06mb8,Ben Danford,D,TOR,false
i074uc,Ben Dexheimer,D,MIN,false
i02y8q,Ben Duffy,C,(N/A),false
i045ci,Ben Gleason,D,(N/A),false
i01mz9,Ben Hanowski,RW,(N/A),false
i04l7h,Ben Hawerchuk,LW,CGY,false
i0618h,Ben Hemmerling,C,VGK,false
i01svo,Ben Holmstrom,C,(N/A),false
i02nqe,Ben Johnson,C,(N/A),false
i04f8b,Ben Jones,RW,CGY,false
i05xca,Ben King,C,TOR,false
i06kv5,Ben Kraws,G,(N/A),false
i0760t,Ben Macbeath,D,NYR,false
i060no,Ben MacDonald,LW,SEA,false
i003vv,Ben Maxwell,C,(N/A),false
i05977,Ben McCartney,LW,UTA,false
i05mx6,Ben Meehan,D,(N/A),false
i03kgw,Ben Meisner,G,(N/A),false
i06mqx,Ben Merrill,C,MTL,false
i06qh9,Ben Muthersbaugh,LW,(N/A),false
i06iae,Ben Robertson,D,(N/A),false
i05uet,Ben Roger,D,(N/A),false
i026kr,Ben Ryan,C,(N/A),false
i05ogi,Ben Schoen,RW,(N/A),false
i06bmc,Ben Steeves,LW,NJD,false
i031s9,Ben Storm,D,COL,false
i02ni8,Ben Street,C,(N/A),false
i03ecf,Ben Thomas,D,(N/A),false
i00401,Ben Walter,C,(N/A),false
i04n74,Ben Wexler,G,(N/A),false
i048ks,Ben Wilson,C,TBL,false
i038sp,Ben Youds,D,(N/A),false
i05o6m,Ben Zloty,D,DAL,false
i05g43,Benjamin Baumgartner,C,NJD,false
i06mhq,Benjamin Brunelle,LW,NYI,false
i02fzz,Benjamin Casavant,LW,WSH,false
i02gvn,Benjamin Conz,G,(N/A),false
i076yi,Benjamin Cossette Ayotte,D,NSH,false
i0430i,Benjamin Finkelstein,D,MIN,false
i01zrm,Benjamin Gallacher,D,(N/A),false
i05rke,Benjamin Gaudreau,G,MTL,false
i06pyx,Benjamin Kevan,RW,NJD,false
i01zr0,Benjamin Marshall,D,DET,false
i04f1g,Benjamin Mirageas,D,(N/A),false
i06cg5,Benjamin Poitras,C,(N/A),false
i06c42,Benjamin Rautiainen,C,TBL,false
i062sk,Benjamin Strinden,C,NSH,false
i05x9n,Benjamin Tardif,LW,COL,false
i076x6,Benjamin Wilmott,LW,VGK,false
i05uxl,Bennet Rossmy,F,(N/A),false
i060g7,Bennett MacArthur,LW,BUF,false
i072i0,Bennett Schimek,RW,VAN,false
i003y3,Benoit Mondou,C,NJD,false
i04f86,Benton Maass,D,WSH,false
i065nx,Berkly Catton,C,SEA,false
i030wr,Bernhard Starkbaum,G,(N/A),false
i01ztd,Bill Arnold,C,(N/A),false
i01gjs,Bill Sweatt,LW,(N/A),false
i06pyz,Bill Zonnon,LW,PIT,false
i04zp4,Billy Constantinou,D,(N/A),false
i04m61,Billy Good,LW,(N/A),false
i04s61,Billy Moskal,C,(N/A),false
i01n87,Billy Sauer,G,COL,false
i05xcq,Billy Sweezey,D,BOS,false
i01mlv,Bjorn Krupp,D,(N/A),false
i04lcy,Blade Jenkins,LW,(N/A),false
i031sx,Blaine Byron,C,(N/A),false
i023ou,Blair Riley,LW,(N/A),false
i05ke0,Blake Biondi,C,MTL,false
i04zjd,Blake Christensen,LW,(N/A),false
i03gl8,Blake Clarke,LW,(N/A),false
i06pyy,Blake Fiddler,D,SEA,false
i031qu,Blake Heinrich,D,(N/A),false
i042yp,Blake Hillman,D,NYR,false
i01s84,Blake Kessel,D,(N/A),false
i04qyp,Blake McLaughlin,LW,(N/A),false
i06mhd,Blake Montgomery,LW,OTT,false
i051vq,Blake Murray,C,(N/A),false
i027ct,Blake Parlett,D,(N/A),false
i02g1b,Blake Pietila,LW,(N/A),false
i06alg,Blake Pietila,G,(N/A),false
i03ebj,Blake Siebenaler,D,(N/A),false
i06pod,Blake Smith,D,TOR,false
i03ogh,Blake Speers,C,UTA,false
i06xwp,Blake Vanek,RW,OTT,false
i03h53,Blake Weyrick,G,(N/A),false
i04alj,Blake Winiecki,C,(N/A),false
i0769i,Blake Zielinski,RW,LAK,false
i004o3,Bobby Bolt,LW,(N/A),false
i076xz,Bobby Cowan,RW,NYI,false
i031ve,Bobby Farnham,RW,(N/A),false
i065ju,Bobby Lynch,RW,(N/A),false
i04aai,Bobby MacIntyre,LW,(N/A),false
i04xnd,Bobby Nardella,D,WSH,false
i004lv,Bobby Sanguinetti,D,(N/A),false
i04aj6,Bobby Segin,G,(N/A),false
i038t4,Bobby Shea,D,(N/A),false
i05ria,Bobby Trivigno,LW,NYR,false
i076y2,Bode Laylin,D,CGY,false
i04a7j,Bode Wilde,D,(N/A),false
i04dd0,Bogdan Kiselevich,D,(N/A),false
i06c9b,Bogdan Konyushkov,D,MTL,false
i061jt,Bogdan Krokhalyov,D,(N/A),false
i05kn6,Bogdan Trineyev,LW,WSH,false
i031p4,Bogdan Yakimov,C,(N/A),false
i05xz0,Bogdans Hodass,D,(N/A),false
i03rjc,Boko Imama,LW,FLA,false
i03bsi,Borna Rendulic,RW,(N/A),false
i06chj,Borya Valis,RW,TOR,false
i07a2n,Bosse Meijer,C,(N/A),false
i061qt,Boston Buckberger,D,CBJ,false
i038k5,Boston Leier,RW,(N/A),false
i061tk,Bowden Singleton,LW,(N/A),false
i065h2,Brad Arvantis,G,(N/A),false
i065g5,Brad Barone,G,(N/A),false
i004mh,Brad Cole,D,(N/A),false
i06c73,Brad Gardiner,C,DAL,false
i0570x,Brad Lambert,RW,WPG,false
i03f9c,Brad McClure,RW,(N/A),false
i01gkh,Brad Mills,C,(N/A),false
i03rgi,Brad Morrison,C,(N/A),false
i02j3x,Brad Navin,C,BUF,false
i01zsu,Brad Ross,LW,(N/A),false
i003ga,Brad Schell,C,(N/A),false
i004j9,Brad Snetsinger,LW,(N/A),false
i01chs,Brad Thiessen,G,(N/A),false
i03tzs,Braden Christoffer,LW,(N/A),false
i051v5,Braden Doyle,D,LAK,false
i05ugm,Braden Hache,D,SJS,false
i05uxc,Braden Holt,G,(N/A),false
i03kgr,Braden Pimm,LW,WSH,false
i04wwl,Bradley Lalonde,D,(N/A),false
i06gy2,Bradley Marek,LW,(N/A),false
i06axz,Bradly Nadeau,C,CAR,false
i02odr,Brady Austin,D,(N/A),false
i07adb,Brady Berard,C,(N/A),false
i02z7a,Brady Brassart,C,(N/A),false
i05lua,Brady Burns,LW,(N/A),false
i005i5,Brady Calla,RW,(N/A),false
i06buo,Brady Cleveland,D,DET,false
i049pj,Brady Ferguson,C,TOR,false
i04f8e,Brady Gilmour,C,DET,false
i031vb,Brady Hjelle,G,(N/A),false
i04nq3,Brady Keeper,D,(N/A),false
i072z3,Brady Knowling,G,SJS,false
i02j1j,Brady Lamb,D,CGY,false
i04f6q,Brady Lyle,D,(N/A),false
i06rus,Brady Martin,C,NSH,false
i05o4d,Brady Meyer,C,(N/A),false
i003tc,Brady Murray,LW,(N/A),false
i04xho,Brady Pataki,RW,(N/A),false
i06uvd,Brady Peddle,D,PIT,false
i04l8s,Brady Shaw,LW,(N/A),false
i0637u,Brady Stonehouse,RW,EDM,false
i06xxo,Brady Turko,RW,ANA,false
i02nql,Brady Vail,C,(N/A),false
i06c72,Braeden Bowman,RW,VGK,false
i06sqf,Braeden Cootes,C,VAN,false
i05xkv,Braeden Kressler,C,TOR,false
i04lo1,Braidon Kerbs,F,(N/A),false
i02o7v,Branden Troock,RW,(N/A),false
i02yry,Brandon Alderson,RW,(N/A),false
i023p1,Brandon Anderson,G,(N/A),false
i048te,Brandon Anselmini,D,(N/A),false
i01zuq,Brandon Archibald,D,(N/A),false
i03edj,Brandon Baddock,LW,TOR,false
i05a2b,Brandon Biro,LW,SEA,false
i0746g,Brandon Buhr,RW,TOR,false
i01gjw,Brandon Burlon,D,(N/A),false
i04yla,Brandon Bussi,G,CAR,false
i05k8e,Brandon Coe,RW,(N/A),false
i048xu,Brandon Crawley,D,NYR,false
i02ni9,Brandon DeFazio,LW,(N/A),false
i030vl,Brandon Devlin,D,(N/A),false
i03yl6,Brandon Fortunato,D,BUF,false
i042wg,Brandon Gignac,C,MTL,false
i01zre,Brandon Gormley,D,(N/A),false
i06tat,Brandon Gorzynski,LW,DAL,false
i03eb4,Brandon Halverson,G,DAL,false
i03eb9,Brandon Hickey,D,VGK,false
i06rmu,Brandon Holt,D,UTA,false
i03wlg,Brandon Hope,G,(N/A),false
i04m5x,Brandon Klein,G,(N/A),false
i01n7k,Brandon Kozun,RW,COL,false
i04r00,Brandon Kruse,LW,VGK,false
i0646j,Brandon Lajoie,LW,(N/A),false
i060wv,Brandon Lisowsky,LW,TOR,false
i03klv,Brandon Magee,C,(N/A),false
i01c44,Brandon Mashinter,LW,(N/A),false
i020f7,Brandon Maxwell,G,(N/A),false
i03wol,Brandon McNally,LW,MTL,false
i003jh,Brandon Nolan,C,(N/A),false
i02yjq,Brandon Robinson,LW,(N/A),false
i04r04,Brandon Saigeon,C,COL,false
i05rgh,Brandon Scanlin,D,NYR,false
i06c5t,Brandon Svoboda,C,OTT,false
i02o8d,Brandon Whitney,G,NSH,false
i03ko3,Brandon Wong,C,OTT,false
i04geo,Brannon McManus,RW,(N/A),false
i03xma,Brayden Burke,LW,(N/A),false
i0430q,Brayden Chizen,D,MIN,false
i065ph,Brayden Edwards,RW,PIT,false
i06532,Brayden Guy,RW,STL,false
i07acv,Brayden Hislop,D,(N/A),false
i07agc,Brayden Holberton,RW,(N/A),false
i01t5r,Brayden Irwin,C,TOR,false
i076q8,Brayden Klimpke,D,MTL,false
i05n1k,Brayden Peters,G,(N/A),false
i060nl,Brayden Schuurman,RW,(N/A),false
i04fwc,Brayden Stortz,RW,(N/A),false
i04zo4,Brayden Tracey,LW,(N/A),false
i05aa0,Brayden Yager,C,WPG,false
i06pud,Braydon McCallum,C,CAR,false
i0765k,Brek Liske,D,PHI,false
i05k9g,Brendan Brisson,LW,TOR,false
i04rjg,Brendan Budy,LW,(N/A),false
i031si,Brendan Burke,G,(N/A),false
i02odp,Brendan Collier,LW,CAR,false
i04f7t,Brendan De Jong,D,CAR,false
i06xxt,Brendan Dunphy,D,FLA,false
i03kgu,Brendan Ellis,D,SJS,false
i063c6,Brendan Furry,LW,TBL,false
i03rf4,Brendan Guhle,D,(N/A),false
i032df,Brendan Harms,RW,(N/A),false
i06mj7,Brendan McMorrow,LW,LAK,false
i01zqs,Brendan O`Donnell,C,TBL,false
i01zsr,Brendan Ranford,LW,(N/A),false
i04l3w,Brendan Semchuk,RW,(N/A),false
i025sz,Brendan Shinnimin,C,(N/A),false
i03enb,Brendan van Riemsdyk,C,(N/A),false
i03rft,Brendan Warren,LW,BUF,false
i02o7r,Brendan Woods,LW,BOS,false
i02fno,Brenden Kichton,D,(N/A),false
i04l3y,Brenden Kotyk,D,(N/A),false
i03ry1,Brenden Miller,D,MIN,false
i02yx9,Brenden Walker,C,UTA,false
i01t66,Brendon Nash,D,(N/A),false
i060ok,Brennan Ali,C,DET,false
i0046b,Brennan Evans,D,(N/A),false
i05vya,Brennan Kapcheck,D,(N/A),false
i048lj,Brennan Menell,D,(N/A),false
i057yc,Brennan Othmann,LW,CGY,false
i065g0,Brennan Saulnier,C,WSH,false
i02fzv,Brennan Serville,D,(N/A),false
i02fk7,Brent Andrews,LW,(N/A),false
i004m9,Brent Aubin,RW,(N/A),false
i02g2a,Brent Benson,C,(N/A),false
i05rjv,Brent Johnson,D,PIT,false
i03d13,Brent Moran,G,NYI,false
i031qc,Brent Pedersen,LW,TBL,false
i015y7,Brent Raedeke,LW,(N/A),false
i01eza,Brent Regner,D,(N/A),false
i06xxw,Brent Solomon,RW,DET,false
i03id9,Brett Beauvais,D,(N/A),false
i02j3y,Brett Bennett,G,UTA,false
i05ltb,Brett Berard,RW,MTL,false
i05nfs,Brett Brochu,G,EDM,false
i05ww6,Brett Budgell,LW,NYR,false
i01zvm,Brett Bulmer,RW,(N/A),false
i06iai,Brett Chorske,C,FLA,false
i030vk,Brett Cote,D,(N/A),false
i04f7q,Brett Davis,RW,DAL,false
i03kog,Brett Findlay,C,(N/A),false
i0254f,Brett Flemming,D,PHI,false
i02yk1,Brett Gallant,LW,CBJ,false
i02yc9,Brett Gensler,F,(N/A),false
i05rf1,Brett Harrison,C,(N/A),false
i026sz,Brett Hextall,C,PHI,false
i05xcz,Brett Hyland,C,WSH,false
i04yn2,Brett Kemp,C,(N/A),false
i03ebf,Brett Lernout,D,(N/A),false
i03rob,Brett McKenzie,C,(N/A),false
i06kyy,Brett Mirwald,G,(N/A),false
i042wt,Brett Murray,LW,PIT,false
i059aa,Brett Neumann,C,NYI,false
i038mg,Brett Olson,C,(N/A),false
i003ia,Brett Palin,D,(N/A),false
i01iyo,Brett Parnham,C,OTT,false
i01zvh,Brett Perlini,RW,(N/A),false
i03eas,Brett Pollock,LW,(N/A),false
i01mnu,Brett Ponich,D,(N/A),false
i03ris,Brett Seney,LW,CHI,false
i01c74,Brett Sonne,C,(N/A),false
i04r13,Brett Stapley,C,MTL,false
i003f9,Brett Sterling,LW,STL,false
i003im,Brett Sutter,C,(N/A),false
i02yep,Brian Billett,G,(N/A),false
i03nqf,Brian Christie,C,(N/A),false
i01dxk,Brian Connelly,D,(N/A),false
i02o7p,Brian Cooper,D,(N/A),false
i024di,Brian Day,RW,NYI,false
i02fzi,Brian Ferlin,RW,(N/A),false
i02fpz,Brian Foster,G,(N/A),false
i060py,Brian Halonen,LW,BOS,false
i02npe,Brian Hart,RW,(N/A),false
i0243q,Brian Ihnacak,C,(N/A),false
i076xd,Brian McFadden,D,WSH,false
i071t3,Brian Nicholas,LW,(N/A),false
i02iad,Brian O'Neill,RW,(N/A),false
i031ss,Brian Pinho,C,NYI,false
i003e1,Brian Salcido,D,(N/A),false
i01ucz,Brian Stewart,G,(N/A),false
i05ufa,Brian Zanetti,D,PHI,false
i06pou,Briley Wood,C,COL,false
i043c6,Brinson Pasichnuk,D,SJS,false
i038ie,Broc Little,LW,CBJ,false
i01zul,Brock Beukeboom,D,(N/A),false
i02g1m,Brock Bradford,C,BOS,false
i06hhs,Brock Caufield,RW,(N/A),false
i05o6p,Brock Gould,G,(N/A),false
i03d0j,Brock Higgs,C,(N/A),false
i038ih,Brock Montgomery,RW,(N/A),false
i0054h,Brock Trotter,C,(N/A),false
i04rir,Brodi Stuart,LW,(N/A),false
i004ne,Brodie Dupont,C,(N/A),false
i026mb,Brodie Reid,RW,(N/A),false
i06mcn,Brodie Ziemer,RW,BUF,false
i0643q,Brody Crane,LW,(N/A),false
i07ada,Brody Gillespie,LW,(N/A),false
i02yce,Brody Hoffman,G,(N/A),false
i05tpt,Brody Lamb,RW,NYR,false
i076yb,Brody Pepoy,RW,TOR,false
i0321i,Brody Silk,C,(N/A),false
i02fmi,Brody Sutter,C,(N/A),false
i048ti,Brogan O'Brien,LW,COL,false
i04mr5,Brogan Rafferty,D,DET,false
i071mi,Bronson Ride,D,VGK,false
i06619,Brooklyn Kalmikov,LW,PIT,false
i01zte,Brooks Macek,C,(N/A),false
i0760y,Brooks Rogowski,C,VAN,false
i07acz,Broten Sabo,D,(N/A),false
i06xwn,Bruno Idzan,LW,OTT,false
i02yen,Bryan Bridges,G,(N/A),false
i01ua8,Bryan Cameron,RW,(N/A),false
i025gr,Bryan Hogan,G,(N/A),false
i0057a,Bryan Lerg,LW,(N/A),false
i03l0z,Bryan Moore,LW,(N/A),false
i005hs,Bryan Pitton,G,(N/A),false
i005ht,Bryan Rodney,D,(N/A),false
i06pua,Bryan Yoon,D,COL,false
i003ra,Bryan Young,D,EDM,false
i01zuj,Bryce Aneloski,D,OTT,false
i04z4k,Bryce Brodzinski,RW,LAK,false
i03o3r,Bryce Gervais,C,(N/A),false
i05a8j,Bryce Kindopp,RW,(N/A),false
i05ymy,Bryce McConnell-Barker,C,NYR,false
i04f28,Bryce Misley,C,(N/A),false
i05u3a,Bryce Montgomery,D,CAR,false
i06qfa,Bryce Pickford,D,MTL,false
i0244v,Bryce Swan,RW,(N/A),false
i03bnh,Bryce Van Brabant,LW,(N/A),false
i03ebg,Brycen Martin,D,(N/A),false
i005aw,Bud Holloway,C,(N/A),false
i02zbg,Buddy Robinson,RW,CHI,false
i04qys,Bulat Shafigullin,LW,LAK,false
i06ung,Burke Hood,G,NYI,false
i06kxa,C.J. Foley,D,(N/A),false
i03wkl,C.J. Garcia,D,(N/A),false
i03kqn,C.J. Ludwig,D,EDM,false
i03ai8,C.J. Motte,G,(N/A),false
i04aof,C.J. Smith,LW,NYR,false
i038lc,C.J. Stretch,C,(N/A),false
i03eco,C.J. Suess,LW,(N/A),false
i03edu,C.J. Yakimowicz,RW,STL,false
i05uvz,Cade Ahrenholz,RW,(N/A),false
i01wt9,Cade Fairchild,D,(N/A),false
i062sl,Cade Littler,C,CGY,false
i05xd1,Cade McNelly,D,LAK,false
i051u3,Cade Webber,D,TOR,false
i05xnc,Caden Brown,LW,(N/A),false
i07aga,Caden Dabrowski,RW,(N/A),false
i076yn,Caden Harvey,RW,EDM,false
i06ay0,Caden Price,D,SEA,false
i070fx,Caden Taylor,RW,PIT,false
i05uep,Caedan Bankier,C,MIN,false
i06oxx,Caeden Herrington,D,LAK,false
i02i59,Cal Heeter,G,TOR,false
i05ufz,Cal Thomas,D,UTA,false
i065gv,Calder Brooks,C,(N/A),false
i03ry9,Cale Morris,G,CHI,false
i06loq,Caleb Desnoyers,C,UTA,false
i06pdu,Caleb Heil,G,TBL,false
i01ztl,Caleb Herbert,C,(N/A),false
i06rog,Caleb MacDonald,D,CBJ,false
i0725x,Caleb Malhotra,C,VAN,false
i06c6t,Calem Mangone,RW,(N/A),false
i04xp7,Callahan Burke,RW,PIT,false
i02nqm,Calle Andersson,D,(N/A),false
i05lui,Calle Clang,G,ANA,false
i060ho,Calle Odelius,D,NYI,false
i03d0q,Calle Ridderwall,LW,(N/A),false
i04f7c,Calle Sjalin,D,(N/A),false
i03o2c,Callum Booth,G,(N/A),false
i06rmm,Callum Tung,G,NYR,false
i0430b,Calvin Thurkauf,C,CBJ,false
i06c1t,Calvin Vachon,G,(N/A),false
i04juu,Cam Brown,C,(N/A),false
i004mi,Cam Cunning,LW,(N/A),false
i03ee7,Cam Darcy,C,STL,false
i042w6,Cam Dineen,D,PHI,false
i03yjq,Cam Johnson,G,PIT,false
i038st,Cam Lanigan,G,DET,false
i06rwh,Cam Lund,C,SJS,false
i01tcw,Cam MacIntyre,RW,(N/A),false
i00qs3,Cam Paddock,C,(N/A),false
i06be8,Cam Squires,RW,NJD,false
i06l23,Cam Thiesing,C,(N/A),false
i01mzm,Cameron Abney,RW,(N/A),false
i062dx,Cameron Allen,D,WSH,false
i03rod,Cameron Askew,C,(N/A),false
i05nfv,Cameron Berg,C,NYI,false
i03cz8,Cameron Brace,C,(N/A),false
i05uxt,Cameron Buhl,F,(N/A),false
i06am8,Cameron Butler,RW,DET,false
i042xp,Cameron Clarke,D,BOS,false
i04f1j,Cameron Crotty,D,OTT,false
i01dcc,Cameron Gaunce,D,(N/A),false
i064ts,Cameron Hausinger,RW,NSH,false
i04mjp,Cameron Hebig,C,UTA,false
i04qyf,Cameron Hillis,C,(N/A),false
i03riz,Cameron Hughes,C,DAL,false
i06qha,Cameron Korpi,G,(N/A),false
i04xtf,Cameron Lee,D,PIT,false
i04zj0,Cameron MacDonald,C,UTA,false
i038lh,Cameron Maclise,RW,(N/A),false
i042vp,Cameron Morrison,C,CHI,false
i0618e,Cameron O'Neill,RW,OTT,false
i06rut,Cameron Reid,D,NSH,false
i051x4,Cameron Rowe,G,(N/A),false
i02j0r,Cameron Schilling,D,WSH,false
i06pys,Cameron Schmidt,RW,DAL,false
i05xd0,Cameron Supryka,D,LAK,false
i05ojc,Cameron Tolnai,C,(N/A),false
i060ni,Cameron Whitehead,G,VGK,false
i05tut,Cameron Whynot,D,(N/A),false
i04fwb,Cameron Wright,RW,EDM,false
i06be9,Carey Terrance,C,NYR,false
i03d03,Carl Ackered,D,(N/A),false
i06uvb,Carl Axelsson,G,UTA,false
i06h7o,Carl Berglund,C,(N/A),false
i031ob,Carl Dahlstrom,D,TOR,false
i01vl7,Carl Hudson,D,FLA,false
i04xdr,Carl Jakobsson,LW,(N/A),false
i01f6e,Carl Klingberg,LW,(N/A),false
i05tpb,Carl Lindbom,G,VGK,false
i03rig,Carl Neill,D,MTL,false
i038to,Carl Nielsen,RW,TBL,false
i04ov5,Carl Persson,C,(N/A),false
i01n46,Carl Sneep,D,(N/A),false
i04rnj,Carl Wassenius,C,(N/A),false
i04m9a,Carl-Johan Lerby,D,CGY,false
i06tmp,Carlos Handel,D,MTL,false
i02yc7,Carsen Chubak,G,PHI,false
i06bnh,Carsen Musser,G,UTA,false
i05og8,Carsen Richels,LW,(N/A),false
i042wh,Carsen Twarynski,LW,VAN,false
i05ltd,Carson Bantle,LW,DET,false
i066pa,Carson Bjarnason,G,PHI,false
i05xw4,Carson Briere,C,(N/A),false
i06uvf,Carson Cameron,D,FLA,false
i071wj,Carson Carels,D,CGY,false
i051uo,Carson Focht,C,(N/A),false
i05xdd,Carson Gicewicz,C,NSH,false
i06mcv,Carson Golder,LW,(N/A),false
i06ujf,Carson Harmer,C,UTA,false
i05gcv,Carson Lambos,D,MIN,false
i05uf8,Carson Latimer,RW,(N/A),false
i01cxn,Carson McMillan,RW,TOR,false
i04f84,Carson Meyer,RW,BUF,false
i06bag,Carson Rehkopf,C,SEA,false
i06mcj,Carson Wetsch,RW,SJS,false
i06sqi,Carter Amico,D,PHI,false
i01f69,Carter Ashton,RW,(N/A),false
i023ok,Carter Bancks,LW,VAN,false
i05uas,Carter Batchelder,LW,(N/A),false
i06rqm,Carter Bear,C,DET,false
i050y3,Carter Berger,D,NYR,false
i024p0,Carter Camper,C,VAN,false
i07a2w,Carter Esler,G,(N/A),false
i0440f,Carter Foguth,D,(N/A),false
i06hk8,Carter George,G,LAK,false
i051vy,Carter Gylander,G,DET,false
i06idc,Carter King,LW,(N/A),false
i06xxr,Carter Klippenstein,C,MIN,false
i06puc,Carter Kowalyk,D,CAR,false
i04k21,Carter Malette,LW,(N/A),false
i05rj6,Carter Massier,RW,(N/A),false
i05u4f,Carter Mazur,LW,DET,false
i02oz0,Carter Rigby,RW,(N/A),false
i04rnh,Carter Robertson,D,(N/A),false
i049tk,Carter Robinson,C,(N/A),false
i06xwh,Carter Sanderson,LW,PIT,false
i038t6,Carter Sandlak,LW,(N/A),false
i05k9d,Carter Savoie,LW,(N/A),false
i05td5,Carter Serhyenko,G,(N/A),false
i06bds,Carter Sotheran,D,VGK,false
i076xt,Carter Stevens,C,STL,false
i06imr,Carter Wilkie,RW,CGY,false
i06hcq,Carter Yakemchuk,D,OTT,false
i051ue,Case McCarthy,D,NYR,false
i03m3r,Casey Bailey,RW,WSH,false
i003iv,Casey Borer,D,(N/A),false
i04z8t,Casey Dornbach,RW,MIN,false
i03wok,Casey Fitzgerald,D,FLA,false
i0760i,Casey Mutryn,RW,SEA,false
i01d95,Casey Pierro-Zabotel,LW,(N/A),false
i042xf,Casey Staum,D,MTL,false
i01sul,Casey Wellman,RW,(N/A),false
i03wl8,Cason Hohmann,RW,(N/A),false
i06cli,Casper Nassen,RW,BOS,false
i03wo7,Cavan Fitzgerald,D,CHI,false
i06ig3,Cayden Lindstrom,LW,CBJ,false
i05rew,Cedric Desruisseaux,RW,MTL,false
i065gz,Cedric Lacroix,C,DET,false
i01cep,Cedric McNicoll,C,(N/A),false
i04f7z,Cedric Pare,C,(N/A),false
i05224,Cedrick Andree,G,(N/A),false
i00qks,Cedrick Desjardins,G,(N/A),false
i060v1,Cedrick Guindon,C,MTL,false
i01zsh,Cedrick Henley,LW,(N/A),false
i00zfw,Chad Anderson,D,MTL,false
i02xyh,Chad Billins,D,(N/A),false
i049kq,Chad Butcher,RW,(N/A),false
i004o6,Chad Denny,D,PHI,false
i06pot,Chad Hillebrand,LW,COL,false
i0058f,Chad Kolarik,C,(N/A),false
i03w5p,Chad Krys,D,(N/A),false
i04vu3,Chad Marescalchi,LW,(N/A),false
i03wmc,Chad Nehring,C,(N/A),false
i062z1,Chad Nychuk,D,NSH,false
i004o8,Chad Painchaud,LW,(N/A),false
i01uj3,Chad Rau,C,(N/A),false
i0597x,Chad Yetman,RW,CHI,false
i038k1,Chance Braid,LW,WSH,false
i05ugj,Chandler Romeo,D,(N/A),false
i04z51,Charle-Edouard D'Astous,D,TBL,false
i04n4p,Charles Bertrand,RW,(N/A),false
i065h4,Charles Cote,D,(N/A),false
i023bp,Charles Landry,D,(N/A),false
i05u64,Charles-Alexis Legault,D,CAR,false
i04l8x,Charles-David Beaudoin,D,MTL,false
i06cfe,Charles-Edward Gravel,G,(N/A),false
i01f6n,Charles-Olivier Roussel,D,(N/A),false
i03jvz,Charley Graaskamp,C,(N/A),false
i06cfb,Charlie Cerrato,LW,CAR,false
i05nxw,Charlie Desroches,D,(N/A),false
i03wnn,Charlie Dodero,D,TBL,false
i06hct,Charlie Elick,D,CBJ,false
i03llr,Charlie Finn,G,(N/A),false
i06mgx,Charlie Forslund,LW,DET,false
i065at,Charlie Gerard,RW,PHI,false
i060wu,Charlie Leddy,D,NJD,false
i05uxg,Charlie Lurie,F,(N/A),false
i06mbd,Charlie Major,RW,(N/A),false
i076wm,Charlie Morrison,D,NYR,false
i06poa,Charlie Paquette,RW,DAL,false
i076xa,Charlie Puglisi,RW,NSH,false
i06c9g,Charlie Robertson,G,(N/A),false
i04w51,Charlie Sampair,C,STL,false
i02y91,Charlie Sarault,C,(N/A),false
i060y9,Charlie Schenkel,G,(N/A),false
i064mz,Charlie Stramel,RW,MIN,false
i06pyj,Charlie Trethewey,D,PIT,false
i048kt,Charlie Vasaturo,D,TBL,false
i06own,Chas Sharpe,D,TOR,false
i02g6g,Chase Balisy,C,(N/A),false
i04zja,Chase Berger,C,PIT,false
i05r8f,Chase Blackmun,D,(N/A),false
i05oyf,Chase Bradley,LW,NSH,false
i06c6x,Chase Cheslock,D,NJD,false
i05uat,Chase Clark,G,WSH,false
i07af2,Chase Dafoe,LW,CHI,false
i03cyt,Chase De Leo,C,(N/A),false
i076r6,Chase Harrington,LW,CGY,false
i049tx,Chase Harrison,D,(N/A),false
i03edp,Chase Lang,C,(N/A),false
i06kwt,Chase LaPinta,RW,(N/A),false
i03yct,Chase Marchand,G,(N/A),false
i05oyi,Chase McLane,C,NSH,false
i03ric,Chase Pearson,C,DET,false
i03ecu,Chase Perry,G,DET,false
i06lv4,Chase Pietila,D,PIT,false
i026h8,Chase Polacek,RW,(N/A),false
i042ys,Chase Priskie,D,MIN,false
i070fo,Chase Reid,D,SEA,false
i051xe,Chase Sakic,LW,(N/A),false
i05tqv,Chase Stillman,RW,DET,false
i067zw,Chase Wheatcroft,C,(N/A),false
i048zn,Chase Witala,LW,TOR,false
i04rdw,Chase Wouters,C,VAN,false
i06miy,Chase Wutzke,G,MIN,false
i05oy3,Chase Yoder,C,PIT,false
i026ks,Chay Genoway,D,(N/A),false
i05r9i,Chayse Primeau,LW,(N/A),false
i03rjj,Chaz Reddekopp,D,(N/A),false
i01073,Chet Pickard,G,(N/A),false
i03kit,Chris Baltisberger,RW,(N/A),false
i004sm,Chris Beckford-Tseu,G,(N/A),false
i031o1,Chris Bigras,D,(N/A),false
i02yc6,Chris Bodo,LW,(N/A),false
i004c0,Chris Bourque,LW,(N/A),false
i01uom,Chris Breen,D,BOS,false
i01f6g,Chris Brown,C,(N/A),false
i030wz,Chris Bruton,RW,(N/A),false
i02nq4,Chris Calnan,RW,CHI,false
i03woj,Chris Carlisle,D,(N/A),false
i01unv,Chris Carrozzi,G,(N/A),false
i02zg8,Chris Casto,D,(N/A),false
i01f08,Chris Chappell,LW,(N/A),false
i004od,Chris Collins,LW,PIT,false
i01zvd,Chris Crane,RW,(N/A),false
i03wl6,Chris DeSousa,LW,(N/A),false
i02g1o,Chris Doyle,C,NYR,false
i04xaw,Chris Forney,D,BOS,false
i01mnr,Chris Frank,D,UTA,false
i02b6s,Chris Gibson,G,DAL,false
i06kj0,Chris Hedden,D,(N/A),false
i0040i,Chris Holt,G,OTT,false
i03kny,Chris Langkow,C,(N/A),false
i004jz,Chris Lawrence,C,(N/A),false
i031sg,Chris Leblanc,RW,OTT,false
i03rg9,Chris Martenet,D,(N/A),false
i03bnl,Chris McCarthy,C,WSH,false
i0259x,Chris Mueller,C,(N/A),false
i03xyo,Chris Nell,G,(N/A),false
i05rl0,Chris Owens,D,(N/A),false
i027gu,Chris Rawlings,G,(N/A),false
i03woh,Chris Rumble,D,(N/A),false
i01t6a,Chris Summers,D,(N/A),false
i051yy,Chris Van Os-Shaw,LW,(N/A),false
i030vn,Christian Engstrand,G,(N/A),false
i06kx3,Christian Felton,D,(N/A),false
i06fqc,Christian Fitzgerald,LW,DAL,false
i01cf0,Christian Hanson,C,(N/A),false
i060z0,Christian Heljanko,G,(N/A),false
i04338,Christian Hilbrich,LW,PIT,false
i06lod,Christian Humphreys,C,COL,false
i01zuy,Christian Isackson,RW,BUF,false
i06hcv,Christian Kirsch,G,SJS,false
i04r19,Christian Krygier,D,(N/A),false
i060xj,Christian Kyrou,D,OTT,false
i03okk,Christian Marti,D,(N/A),false
i06sn4,Christian Stoever,G,(N/A),false
i01zv4,Christian Thomas,LW,(N/A),false
i03sct,Christoffer Bengtsberg,G,(N/A),false
i04lq5,Christoffer Hernberg,G,(N/A),false
i05a12,Christoffer Rifalk,G,(N/A),false
i05lu2,Christoffer Sedoff,D,(N/A),false
i02oam,Christoph Bertschy,C,(N/A),false
i02o7c,Christophe Lalancette,RW,(N/A),false
i03ed9,Christopher Brown,C,BUF,false
i031q8,Christopher Clapperton,LW,OTT,false
i015te,Christopher DiDomenico,RW,(N/A),false
i051xd,Christopher Giroday,D,(N/A),false
i05mgi,Christopher Merisier-Ortiz,D,NYR,false
i042y0,Christopher Paquette,C,TBL,false
i06ckc,Christopher Pelosi,C,BOS,false
i061jn,Christopher Romaine,D,COL,false
i03riw,Christopher Wilkie,RW,CHI,false
i03ecm,Clark Bishop,C,TBL,false
i02o84,Clark Seymour,D,(N/A),false
i066om,Clarke Caswell,LW,SEA,false
i02ze7,Clarke Saunders,G,(N/A),false
i051xj,Clay Hanus,D,(N/A),false
i060fz,Clay Stevenson,G,WPG,false
i003nf,Clay Wilson,D,(N/A),false
i03av7,Clay Witt,G,(N/A),false
i04kyq,Clayton Kirichenko,D,LAK,false
i04f1r,Clayton Phillips,D,PIT,false
i042w7,Cliff Pu,RW,CBJ,false
i05982,Clint Windsor,G,(N/A),false
i02oat,Coda Gordon,RW,CGY,false
i004p9,Codey Burki,C,(N/A),false
i01cfn,Cody Almond,C,(N/A),false
i01zv8,Cody Beach,RW,(N/A),false
i048ta,Cody Bradley,LW,(N/A),false
i038t8,Cody Corbett,D,(N/A),false
i03kof,Cody Donaghey,D,(N/A),false
i01ztm,Cody Ferriero,C,SJS,false
i06idf,Cody Haiskanen,D,(N/A),false
i03brn,Cody Kunyk,RW,(N/A),false
i06kv7,Cody Laskosky,RW,(N/A),false
i0597r,Cody Morgan,C,(N/A),false
i02o86,Cody Payne,RW,DAL,false
i024db,Cody Reichard,G,(N/A),false
i01zs2,Cody Rosen,G,NYI,false
i02ftl,Cody Sol,D,(N/A),false
i02yon,Cody Sylvester,C,(N/A),false
i0056l,Cody Wild,D,(N/A),false
i03c5d,Cody Wydo,LW,(N/A),false
i07agb,Cohen Bidgood,RW,(N/A),false
i05ltz,Colby Ambrosio,C,COL,false
i0644a,Colby Barlow,RW,WPG,false
i01nln,Colby Cohen,D,(N/A),false
i04l8z,Colby McAuley,RW,(N/A),false
i01mlu,Colby Robak,D,(N/A),false
i043cd,Colby Sissons,D,NJD,false
i03rj5,Colby Williams,D,OTT,false
i03kpf,Cole Bardreau,C,(N/A),false
i06hri,Cole Beaudoin,C,NYR,false
i051uk,Cole Brady,G,DAL,false
i06cdr,Cole Brown,RW,NJD,false
i06ced,Cole Burbidge,LW,(N/A),false
i042xt,Cole Candella,D,VAN,false
i031p6,Cole Cassels,C,SJS,false
i06xxe,Cole Chandler,C,BOS,false
i03afc,Cole Cheveldave,G,(N/A),false
i05rkr,Cole Clayton,D,VAN,false
i04l92,Cole Coskey,RW,(N/A),false
i05rjy,Cole Eiserman,LW,NYI,false
i04qzv,Cole Fonstad,LW,CBJ,false
i04f6z,Cole Fraser,D,DET,false
i04f85,Cole Guttman,C,LAK,false
i05rba,Cole Huckins,C,(N/A),false
i03ai9,Cole Huggins,G,(N/A),false
i06fzv,Cole Hutson,D,WSH,false
i05u4h,Cole Jordan,D,CGY,false
i0618g,Cole Knuble,RW,PHI,false
i04r1d,Cole Krygier,D,FLA,false
i051wz,Cole Mackay,RW,SEA,false
i0598t,Cole Maier,C,(N/A),false
i06pyt,Cole McKinney,C,SJS,false
i06avt,Cole McWard,D,TOR,false
i051w1,Cole Moberg,D,CHI,false
i06l25,Cole Moore,G,(N/A),false
i062pq,Cole O'Hara,RW,NSH,false
i06jhe,Cole Reschny,C,CGY,false
i03mh1,Cole Sanford,RW,COL,false
i02ia2,Cole Schneider,LW,(N/A),false
i065ip,Cole Shepard,LW,(N/A),false
i061jj,Cole Spicer,LW,BOS,false
i076x7,Cole Tuminaro,D,COL,false
i04l84,Cole Tymkin,RW,(N/A),false
i031qh,Cole Ully,LW,(N/A),false
i03wmf,Cole Wilson,RW,(N/A),false
i076yo,Cole Zurawski,RW,FLA,false
i03bmk,Coleman Vollrath,G,(N/A),false
i03bni,Colin Campbell,C,COL,false
i065aq,Colin Felix,D,PHI,false
i0765l,Colin Fitzgerald,C,STL,false
i02g22,Colin Jacobs,C,(N/A),false
i061mk,Colin Kessler,LW,(N/A),false
i04n1o,Colin Larkin,C,(N/A),false
i01fx0,Colin Long,C,(N/A),false
i048t7,Colin Markison,RW,CAR,false
i05ojd,Colin Purcell,G,(N/A),false
i06mgv,Colin Ralph,D,STL,false
i04xds,Colin Schmidt,C,(N/A),false
i046ti,Colin Shirley,LW,(N/A),false
i02g21,Colin Smith,C,(N/A),false
i03ca4,Colin Stevens,G,(N/A),false
i02fq6,Colin Suellentrop,D,(N/A),false
i02g25,Colin Sullivan,D,MTL,false
i060q9,Colin Swoyer,D,WSH,false
i06147,Colin Theisen,LW,UTA,false
i042ym,Collin Adams,LW,(N/A),false
i02oan,Collin Olson,G,CAR,false
i04lgo,Colt Conrad,C,TOR,false
i04mjq,Colten Ellis,G,BUF,false
i02g26,Colten St. Clair,C,(N/A),false
i013m7,Colten Teubert,D,(N/A),false
i03ca7,Colton Beck,LW,(N/A),false
i02oe2,Colton Hargrove,LW,(N/A),false
i06ass,Colton Huard,D,FLA,false
i023w8,Colton Jobke,D,(N/A),false
i04mx4,Colton Kehler,C,(N/A),false
i04xck,Colton Phinney,G,(N/A),false
i042xi,Colton Point,G,DAL,false
i04ajh,Colton Poolman,D,PIT,false
i06ll4,Colton Roberts,D,SJS,false
i03e7q,Conner Bleackley,C,(N/A),false
i0598p,Conner McDonald,D,(N/A),false
i05tuk,Conner Roulette,LW,(N/A),false
i03kqj,Connor Boland,D,EDM,false
i042x3,Connor Bunnaman,C,(N/A),false
i03dhn,Connor Chatham,RW,(N/A),false
i06h9j,Connor Clattenburg,LW,EDM,false
i04r0c,Connor Corcoran,D,(N/A),false
i031ov,Connor Crisp,C,(N/A),false
i076wp,Connor Davis,RW,VAN,false
i05ri4,Connor Ford,RW,(N/A),false
i03knx,Connor Graham,LW,NYI,false
i04gen,Connor Gutenberg,C,(N/A),false
i042wd,Connor Hall,D,(N/A),false
i048w4,Connor Hicks,G,DET,false
i03rif,Connor Hobbs,D,(N/A),false
i06mcl,Connor Hughes,G,MTL,false
i031o2,Connor Hurley,C,BUF,false
i061i8,Connor Hvidston,C,(N/A),false
i03aov,Connor Jones,C,(N/A),false
i05ugq,Connor Kelley,D,COL,false
i02g1j,Connor Knapp,G,(N/A),false
i05uo5,Connor Kurth,RW,TBL,false
i0598m,Connor LaCouvee,G,MTL,false
i06axf,Connor Levis,C,WPG,false
i05u4j,Connor Lockhart,C,(N/A),false
i04lky,Connor Mackey,D,CHI,false
i06c9a,Connor MacPherson,C,(N/A),false
i05xd4,Connor McCarthy,D,NYI,false
i04uqj,Connor McClennon,RW,PHI,false
i06r6b,Connor Milburn,LW,(N/A),false
i03i5q,Connor Murphy,C,(N/A),false
i06h9a,Connor Murphy,G,(N/A),false
i0777r,Connor Mylymok,LW,CHI,false
i06h7s,Connor Punnett,D,DAL,false
i03cyy,Connor Rankin,LW,(N/A),false
i04xjg,Connor Roberts,C,(N/A),false
i05xc4,Connor Ungar,G,EDM,false
i02zga,Conor Allen,D,(N/A),false
i05rb9,Conor Geekie,RW,TBL,false
i03km2,Conor McGlynn,C,DET,false
i059a8,Conor Riley,D,(N/A),false
i05ueg,Conor Shortall,D,(N/A),false
i06pu4,Conor Walton,D,VGK,false
i06tmo,Conrad Fondrk,C,NJD,false
i06ajy,Cooper Black,G,FLA,false
i076x3,Cooper Cleaves,D,MTL,false
i06ckg,Cooper Foster,C,PIT,false
i06s0x,Cooper Gay,RW,COL,false
i03rit,Cooper Marody,C,PHI,false
i051ul,Cooper Moore,D,(N/A),false
i06sq9,Cooper Simpson,LW,BOS,false
i076rg,Cooper Soller,RW,TBL,false
i065gt,Cooper Walker,C,(N/A),false
i0760o,Cooper Williams,C,TOR,false
i04z3s,Cooper Zech,D,NYR,false
i0243j,Corban Knight,C,(N/A),false
i038t7,Corbin Baldwin,D,MIN,false
i04l2e,Corbin Boes,G,(N/A),false
i060ga,Corbin Kaczperski,G,(N/A),false
i01wpu,Corbin McPherson,D,(N/A),false
i06pp4,Corbin Vaughan,D,NYR,false
i05o66,Corey Andonovski,RW,FLA,false
i01ycg,Corey Cowick,LW,(N/A),false
i01zsw,Corey Durocher,LW,FLA,false
i01cez,Corey Elkins,C,(N/A),false
i02fzy,Corey Fienhage,D,BUF,false
i003vs,Corey Locke,C,STL,false
i024d9,Corey Milan,G,(N/A),false
i05983,Corey Schueneman,D,ANA,false
i01mtq,Corey Trivino,C,NYI,false
i05nzw,Corson Ceulemans,D,CBJ,false
i03knl,Cory Kane,C,(N/A),false
i023vi,Cory Quirk,C,SJS,false
i066pg,Coulson Pitre,RW,ANA,false
i01zsf,Craig Cunningham,LW,(N/A),false
i01c5z,Craig Schira,D,(N/A),false
i05o4j,Creed Jones,G,(N/A),false
i03eds,Cristiano Digiacinto,LW,NYR,false
i05ltm,Cross Hanas,LW,DAL,false
i05rjs,Cruz Lucius,RW,ANA,false
i02nko,Cullen Eddy,D,(N/A),false
i076xr,Cullen McCrate,D,BOS,false
i06pyr,Cullen Potter,LW,CGY,false
i023ow,Curt Gogol,LW,(N/A),false
i04qzb,Curtis Douglas,C,SEA,false
i03klt,Curtis Gedig,D,CGY,false
i04qzo,Curtis Hall,C,CBJ,false
i01zsl,Curtis Hamilton,LW,(N/A),false
i03cys,Curtis Valk,C,(N/A),false
i04zj1,Cy LeClerc,LW,(N/A),false
i04f7x,D'Artagnan Joly,RW,CGY,false
i05xdc,D.J. Busdeker,RW,COL,false
i06pmy,D.J. King,D,NJD,false
i05l28,Daemon Hunt,D,MIN,false
i0618m,Daimon Gardner,C,VAN,false
i038mr,Daine Todd,D,UTA,false
i005gz,Dale Mitchell,RW,(N/A),false
i038hw,Dallas Jackson,D,(N/A),false
i03kip,Dallas Valentine,D,(N/A),false
i06l24,Dalton Bancroft,W,(N/A),false
i01zsy,Dalton Smith,LW,WSH,false
i02npc,Dalton Thrower,D,(N/A),false
i03kh0,Dalton Yorke,D,(N/A),false
i065gb,Dalyn Wakely,C,EDM,false
i06c3y,Damian Clara,G,ANA,false
i06hrg,Damian Slavik,G,(N/A),false
i05xd6,Damien Carfagna,D,EDM,false
i04r0d,Damien Giroux,C,BUF,false
i042x9,Damien Riat,LW,WSH,false
i03v71,Damir Sharipzyanov,D,(N/A),false
i05r3e,Damir Zhafyarov,RW,(N/A),false
i005b0,Dan Bertram,RW,CHI,false
i003ri,Dan Collins,RW,(N/A),false
i004kc,Dan DaSilva,RW,SJS,false
i02445,Dan Delisle,C,CHI,false
i048xo,Dan DeSalvo,C,(N/A),false
i015oq,Dan Gendur,RW,(N/A),false
i01unx,Dan Kelly,D,(N/A),false
i004kp,Dan LaCosta,G,(N/A),false
i02ft8,Dan Milan,D,(N/A),false
i03avj,Dan O'Donoghue,C,(N/A),false
i03zbm,Dan Renouf,D,PIT,false
i004mm,Dan Ryder,C,(N/A),false
i00473,Dan Spang,D,(N/A),false
i004l4,Dan Turple,G,(N/A),false
i0723m,Danai Shaiikov,G,NYR,false
i031sj,Dane Birks,D,(N/A),false
i00409,Dane Byers,LW,WSH,false
i03afa,Dane Fox,LW,(N/A),false
i03wl7,Dane Walters,RW,(N/A),false
i02i21,Danick Gauthier,C,(N/A),false
i03mpu,Danick Martel,LW,MTL,false
i01gk1,Danick Paquette,RW,(N/A),false
i0644k,Daniel Alexander Jencko,C,(N/A),false
i02npu,Daniel Altshuller,G,(N/A),false
i03ed5,Daniel Audette,C,(N/A),false
i05nse,Daniel Baker,D,(N/A),false
i02jzh,Daniel Bang,LW,(N/A),false
i03rgo,Daniel Bernhardt,RW,NYR,false
i049k8,Daniel Brickley,D,LAK,false
i01zuw,Daniel Brodin,LW,TOR,false
i04f8n,Daniel Bukac,D,BOS,false
i027gn,Daniel Catenacci,C,(N/A),false
i03c9q,Daniel Ciampini,LW,(N/A),false
i05xcf,Daniel D'Amato,RW,VGK,false
i03n0h,Daniel Doremus,RW,SJS,false
i02o7q,Daniel Gunnarsson,D,MIN,false
i061ni,Daniel Hauser,G,NYI,false
i03e5l,Daniel Krejci,D,(N/A),false
i043c5,Daniel Kurovsky,LW,(N/A),false
i05ugv,Daniel Laatsch,D,PIT,false
i015sm,Daniel Larsson,G,(N/A),false
i04all,Daniel Leavens,C,(N/A),false
i05ymw,Daniel Lebedeff,G,(N/A),false
i05ltk,Daniel Ljungman,C,(N/A),false
i02ydl,Daniel Maggio,D,(N/A),false
i065h3,Daniel Mannella,G,(N/A),false
i0433a,Daniel Marmenlind,G,(N/A),false
i03gu7,Daniel Muzito Bagenda,LW,(N/A),false
i0483c,Daniel Muzito-Bagenda,LW,(N/A),false
i038kc,Daniel New,D,OTT,false
i06mgz,Daniel Nieminen,D,NSH,false
i05yjc,Daniel Pietta,C,(N/A),false
i02fzf,Daniel Pribyl,C,(N/A),false
i004kx,Daniel Rahimi,D,(N/A),false
i07acy,Daniel Russell,C,(N/A),false
i06xwy,Daniel Salonen,G,EDM,false
i003tn,Daniel Taylor,G,(N/A),false
i05kja,Daniel Torgersson,LW,(N/A),false
i03ecy,Daniel Walcott,LW,FLA,false
i02oag,Daniel Zaar,RW,(N/A),false
i03xne,Daniil Apalkov,LW,(N/A),false
i066sw,Daniil Bourosh,C,(N/A),false
i0644c,Daniil But,LW,UTA,false
i04y7z,Daniil Chayka,D,(N/A),false
i05oxn,Daniil Chechelev,G,CGY,false
i061jv,Daniil Davydov,C,(N/A),false
i04yea,Daniil Gutik,LW,(N/A),false
i05a8k,Daniil Isayev,G,(N/A),false
i061jq,Daniil Ivanov,D,(N/A),false
i06c3z,Daniil Karpovich,D,NJD,false
i05r2k,Daniil Lazutin,C,(N/A),false
i051to,Daniil Misyul,D,BOS,false
i060nr,Daniil Orlov,D,NJD,false
i06tdq,Daniil Prokhorov,RW,NYI,false
i05nfr,Daniil Pylenkov,D,TBL,false
i076xe,Daniil Rusakovich,G,NJD,false
i05ufk,Daniil Sobolev,D,MTL,false
i04aoi,Daniil Vovchenko,RW,(N/A),false
i02nqf,Daniil Zharkov,LW,EDM,false
i067zz,Danil Aimurzin,C,(N/A),false
i062dr,Danil Alalykin,LW,(N/A),false
i051x6,Danil Antropov,RW,(N/A),false
i05wgd,Danil Bashkirov,F,(N/A),false
i05kj6,Danil Gushchin,RW,(N/A),false
i051vi,Danil Savunov,LW,UTA,false
i04zu2,Danil Yurtaykin,LW,SJS,false
i04r7g,Danila Galenyuk,D,(N/A),false
i05ttm,Danila Klimovich,C,PHI,false
i04n1u,Danila Zhuravlyov,D,COL,false
i05yji,Danny aus den Birken,G,(N/A),false
i01zu3,Danny Biega,D,(N/A),false
i0041c,Danny Bois,RW,(N/A),false
i03wnu,Danny Federico,D,SJS,false
i038kd,Danny Hobbs,C,(N/A),false
i003uc,Danny Irmen,C,(N/A),false
i01gjp,Danny Kristo,RW,(N/A),false
i06axv,Danny Nelson,C,NYI,false
i02o7z,Danny O'Regan,C,DET,false
i003kp,Danny Richmond,D,(N/A),false
i003r6,Danny Syvret,D,(N/A),false
i05abj,Danny Weight,LW,(N/A),false
i05wwb,Danny Zhilkin,C,WPG,false
i062sh,Dans Locmelis,C,BOS,false
i06ag4,Dante Giannuzzi,G,(N/A),false
i03roa,Dante Salituro,C,(N/A),false
i01cwq,Dany Masse,LW,(N/A),false
i03knq,Darby Llewellyn,LW,(N/A),false
i003l8,Darcy Campbell,D,(N/A),false
i024dl,Darcy Zajac,C,(N/A),false
i05uau,Darels Dukurs,LW,(N/A),false
i06md9,Darels Uljanskis,D,ANA,false
i004kv,Daren Machesney,G,CBJ,false
i076xp,Darian Anderson,RW,NYR,false
i02fri,Darian Dziurzynski,LW,(N/A),false
i04xa4,Darian Pilon,LW,(N/A),false
i07a3i,Darian Rolsing,D,(N/A),false
i048vw,Darian Skeoch,D,(N/A),false
i065k0,Darien Kielb,D,EDM,false
i03mbq,Dario Simion,LW,(N/A),false
i060qe,Darion Hanson,G,(N/A),false
i0256z,Darren Archibald,RW,(N/A),false
i02fq3,Darren Dietz,D,(N/A),false
i0043j,Darren Reid,RW,WSH,false
i01mw0,Daryl Boyle,D,STL,false
i016g8,Daultan Leveille,C,OTT,false
i004ov,Dave Brown,G,(N/A),false
i01t9m,Dave Dziurzynski,LW,(N/A),false
i024dh,Dave Labrecque,C,PHI,false
i05o4g,David Aebischer,D,(N/A),false
i06sqd,David Bedkowski,D,BUF,false
i0430l,David Bernhardt,D,PHI,false
i003rg,David Brine,C,(N/A),false
i02aji,David Broll,LW,(N/A),false
i03rj1,David Cotton,C,SEA,false
i031us,David Drake,D,PHI,false
i02imf,David Eddy,RW,(N/A),false
i06ban,David Edstrom,C,NSH,false
i01ztb,David Elsner,LW,(N/A),false
i04f1q,David Farrance,D,(N/A),false
i01d67,David Fischer,D,(N/A),false
i023on,David Gilbert,C,(N/A),false
i05wwh,David Goyette,C,SEA,false
i06sn2,David Granberg,C,(N/A),false
i05udb,David Gucciardi,D,WSH,false
i0496g,David Henley,D,TBL,false
i02dyv,David Honzik,G,(N/A),false
i04moq,David Hrenak,G,LAK,false
i03rxo,David Jankowski,LW,(N/A),false
i03rgw,David Kase,RW,CAR,false
i06cl2,David Klee,C,SJS,false
i022i9,David Kolomatis,D,(N/A),false
i04fq0,David Kvasnicka,D,(N/A),false
i020f5,David Kveton,RW,NYR,false
i00438,David Laliberte,RW,(N/A),false
i02418,David Leggio,G,(N/A),false
i04amb,David Levin,C,UTA,false
i06uvc,David Lewandowski,LW,EDM,false
i0040q,David Liffiton,D,(N/A),false
i05noa,David Ma,D,(N/A),false
i03kh5,David Makowski,D,MIN,false
i01bgj,David McIntyre,C,DET,false
i00qrz,David Meckler,C,(N/A),false
i060ns,David Moravec,D,(N/A),false
i02b3r,David Musil,D,(N/A),false
i04f6y,David Noel,D,STL,false
i025ie,David Pacan,C,(N/A),false
i031pv,David Pope,LW,(N/A),false
i0430m,David Quenneville,D,NJD,false
i067yd,David Reinbacher,D,MTL,false
i06uh9,David Rozsival,LW,NJD,false
i003sa,David Shantz,G,VAN,false
i023s1,David Shields,D,(N/A),false
i06ast,David Silye,C,CGY,false
i04p2n,David Sklenicka,D,(N/A),false
i01cj4,David Sloane,D,PHI,false
i060wp,David Spacek,D,MIN,false
i0044l,David Spina,LW,(N/A),false
i004sf,David Svagrovsky,RW,(N/A),false
i04r0f,David Tendeck,G,STL,false
i05riu,David Tomasek,C,(N/A),false
i02417,David Ullstrom,LW,(N/A),false
i02ygt,David Vallorani,F,(N/A),false
i01nlj,David Warsofsky,D,CAR,false
i03edl,David Westlund,D,UTA,false
i025gs,David Wohlberg,C,(N/A),false
i03b0o,David Wolf,LW,(N/A),false
i05rje,Davin Burton,D,(N/A),false
i074in,Davis Burnside,RW,WPG,false
i05xda,Davis Codd,RW,(N/A),false
i04r0m,Dawson Barteaux,D,WPG,false
i05ilh,Dawson DiPietro,LW,BUF,false
i04cw7,Dawson Leedahl,LW,(N/A),false
i06xwj,Dawson Sharkey,RW,DAL,false
i04l91,Dawson Weatherill,G,(N/A),false
i070fp,Daxon Rudolph,D,BUF,false
i062qa,Daylan Kuefler,LW,NYI,false
i04amy,Dayton Rasmussen,G,(N/A),false
i06c70,Deagen McMillan,C,(N/A),false
i06mb4,Dean Letourneau,C,BOS,false
i0430d,Dean Stewart,D,(N/A),false
i05mx8,Declan Carlile,D,PIT,false
i05ks5,Declan McDonnell,RW,TBL,false
i06chk,Declan Waddick,C,(N/A),false
i0637x,Deivs Rolovs,G,(N/A),false
i04qzd,Demetrios Koumontzis,LW,CGY,false
i05udx,Deni Goure,C,(N/A),false
i04yk0,Denis Alexeyev,C,(N/A),false
i02450,Denis Bodrov,D,PHI,false
i06mqq,Denis Gabdrakhmanov,G,FLA,false
i03mgr,Denis Godla,G,(N/A),false
i030uq,Denis Hollenstein,LW,(N/A),false
i03ywc,Denis Kokarev,LW,(N/A),false
i03lmz,Denis Kostin,G,(N/A),false
i06cfv,Denis Malov,LW,(N/A),false
i04gel,Denis Mikhnin,RW,(N/A),false
i01n81,Denis Parshin,W,COL,false
i04a06,Denis Smirnov,RW,COL,false
i0043p,Denis Tolpeko,C,(N/A),false
i064nb,Denis Vengryzhanovsky,RW,(N/A),false
i059dc,Deniss Smirnovs,C,(N/A),false
i06cg2,Dennis Altorn,LW,(N/A),false
i04r07,Dennis Busby,D,UTA,false
i065g6,Dennis Cesana,D,FLA,false
i01ve9,Dennis Endras,G,(N/A),false
i03c9x,Dennis Everberg,RW,(N/A),false
i06clj,Dennis Good Bogg,D,NYI,false
i060us,Dennis Hildeby,G,TBL,false
i03rrp,Dennis Kravchenko,C,(N/A),false
i01xkv,Dennis McCauley,LW,BUF,false
i005j9,Dennis Persson,D,(N/A),false
i02ye1,Dennis Robertson,D,(N/A),false
i03rff,Dennis Yan,LW,DET,false
i038n4,Denny Urban,D,FLA,false
i06bao,Denver Barkey,C,PHI,false
i02fzq,Denver Manderson,C,(N/A),false
i04fpz,Dereck Baribeau,G,MIN,false
i04zo2,Derek Barach,C,(N/A),false
i03wme,Derek DeBlois,RW,(N/A),false
i04xdx,Derek Dun,G,(N/A),false
i03kif,Derek Hulak,LW,(N/A),false
i05o67,Derek Lodermeier,LW,(N/A),false
i02fq5,Derek Mathers,RW,(N/A),false
i06hwh,Derek Mullahy,G,(N/A),false
i005jd,Derek Peltier,D,PIT,false
i05986,Derek Sheppard,D,(N/A),false
i0056i,Derek Whitmore,LW,WSH,false
i02yeg,Derrick LaPoint,D,(N/A),false
i03rgr,Devante Stephens,D,COL,false
i03rfw,Deven Sideroff,RW,(N/A),false
i04ouw,Devin Brosseau,C,EDM,false
i04zc8,Devin Cooley,G,CGY,false
i016kw,Devin DiDiomete,LW,(N/A),false
i060ol,Devin Kaplan,RW,PHI,false
i03emw,Devin Williams,G,(N/A),false
i05mwh,Devon Levi,G,EDM,false
i03kiv,Dexter Dancs,LW,(N/A),false
i05amx,Dias Guseinov,LW,(N/A),false
i005ip,Dick Axelsson,LW,(N/A),false
i04z2t,Diego Cuglietta,LW,(N/A),false
i07af0,Dillan Bentley,RW,MTL,false
i0777s,Dillon Boucher,LW,CHI,false
i02fd3,Dillon Donnelly,D,COL,false
i02npa,Dillon Fournier,D,(N/A),false
i051th,Dillon Hamaliuk,LW,(N/A),false
i031oa,Dillon Heatherington,D,(N/A),false
i02fzr,Dillon Simpson,D,(N/A),false
i05x1h,Dino Kambeitz,RW,VAN,false
i01t5y,Dion Knelsen,C,(N/A),false
i06c6z,Djibril Toure,D,OTT,false
i072z2,Dmitri Borichev,G,NSH,false
i05uh3,Dmitri Buchelnikov,RW,STL,false
i06ims,Dmitri Gamzin,G,NYI,false
i06tmr,Dmitri Isayev,LW,OTT,false
i076kq,Dmitri Ivchenko,G,VAN,false
i04yt4,Dmitri Kagarlitsky,RW,(N/A),false
i05u3b,Dmitri Katelevsky,C,(N/A),false
i05u3d,Dmitri Kostenko,D,MTL,false
i04m62,Dmitri Koutsomitis,D,(N/A),false
i07a3h,Dmitri Kubantsev,W,(N/A),false
i05u5g,Dmitri Kuzmin,D,(N/A),false
i05n0c,Dmitri Nikolayev,G,(N/A),false
i04aly,Dmitri Ogurtsov,D,(N/A),false
i05kej,Dmitri Ovchinnikov,LW,(N/A),false
i05lu3,Dmitri Rashevsky,RW,WPG,false
i04fpq,Dmitri Rodionychev,D,(N/A),false
i04qyx,Dmitri Semykin,D,(N/A),false
i051x3,Dmitri Sheshin,LW,(N/A),false
i05rfs,Dmitri Shugayev,G,(N/A),false
i0723l,Dmitri Silantyev,LW,(N/A),false
i06aew,Dmitri Simashev,D,UTA,false
i06cfy,Dmitri Vlasenko,LW,(N/A),false
i02g1h,Dmitri Vorobiev,D,(N/A),false
i03sa4,Dmitri Yudin,D,(N/A),false
i05kn8,Dmitri Zlodeyev,C,VAN,false
i05ud7,Dmitri Zugan,C,(N/A),false
i03kqp,Dmitrii Sergeev,D,(N/A),false
i0430s,Dmitriy Zaitsev,D,WSH,false
i048tp,Dmitry Alexeyev,D,(N/A),false
i02qsf,Dmitry Korobov,D,(N/A),false
i01sr6,Dmitry Kugryshev,RW,WSH,false
i04kyj,Dmitry Osipov,RW,NJD,false
i04f1l,Dmitry Samorukov,D,(N/A),false
i02odj,Dmitry Sinitsyn,D,DAL,false
i03mn3,Dmitry Sokolov,RW,MIN,false
i04r1b,Dmitry Zavgorodniy,LW,CGY,false
i03rgj,Dmitry Zhukenov,C,VAN,false
i03rgt,Dmytro Timashov,LW,NYI,false
i07ad9,Dolan Gilbert,G,(N/A),false
i076rn,Doman Kristof Szongoth,C,BUF,false
i045z9,Domenic Commisso,C,(N/A),false
i060ya,Domenic DiVincentiis,G,WPG,false
i038k6,Domenic Monardo,RW,(N/A),false
i0502a,Domenick Fensore,D,COL,false
i051ve,Dominic Basse,G,CHI,false
i05x79,Dominic Franco,RW,BUF,false
i0624d,Dominic James,LW,TBL,false
i03eb8,Dominic Turgeon,C,MIN,false
i047fk,Dominic Zwerger,LW,(N/A),false
i05uxn,Dominick Campione,D,(N/A),false
i06h27,Dominick Mersch,C,BUF,false
i06lv2,Dominik Badinka,D,CAR,false
i02yee,Dominik Bielke,D,(N/A),false
i05yjm,Dominik Bittner,D,(N/A),false
i04oqi,Dominik Bokk,RW,(N/A),false
i05ad4,Dominik Egli,D,(N/A),false
i04yl1,Dominik Frodl,G,(N/A),false
i03zf4,Dominik Furch,G,(N/A),false
i04dez,Dominik Hrachovina,G,(N/A),false
i040b4,Dominik Lakatos,C,NYR,false
i03eao,Dominik Masin,D,(N/A),false
i0644h,Dominik Petr,C,(N/A),false
i060xr,Dominik Rymon,C,(N/A),false
i0440p,Dominik Shine,RW,DET,false
i02fsp,Dominik Uher,C,(N/A),false
i06cdt,Donovan McCoy,D,(N/A),false
i05ltr,Donovan Sebrango,D,FLA,false
i05gc0,Donte Lawson,LW,(N/A),false
i03c7g,Doug Carr,G,PIT,false
i038mm,Doug Clarkson,RW,PHI,false
i004so,Doug Lynch,D,(N/A),false
i07a2q,Douglas Johnsson,D,(N/A),false
i05uh5,Dovar Tinling,C,(N/A),false
i02o7n,Doyle Somerby,D,MIN,false
i04xa5,Drake Pilon,RW,(N/A),false
i04f76,Drake Rymsha,C,(N/A),false
i05y10,Drew Bavaro,D,BOS,false
i03n0g,Drew Brevig,D,(N/A),false
i05k7t,Drew Commesso,G,CHI,false
i01zsk,Drew Czerwonka,LW,EDM,false
i05y3f,Drew DeRidder,G,(N/A),false
i05x1i,Drew Englot,C,(N/A),false
i003z6,Drew Fata,D,(N/A),false
i06c6u,Drew Fortescue,D,NYR,false
i003ru,Drew Larman,C,(N/A),false
i02ycb,Drew LeBlanc,C,(N/A),false
i04xk4,Drew Melanson,LW,(N/A),false
i031uh,Drew Olson,D,TBL,false
i01cxe,Drew Schiestel,D,(N/A),false
i06uk3,Drew Schock,D,ANA,false
i05y0y,Drew Worrad,C,DET,false
i05u3r,Dru Krebs,D,(N/A),false
i052il,Dryden McKay,G,UTA,false
i03kiq,Duncan MacIntyre,D,COL,false
i003vw,Duncan Milroy,RW,(N/A),false
i02aey,Duncan Siemens,D,(N/A),false
i02zo6,Dustin Butler,G,(N/A),false
i03wm5,Dustin Carlson,G,(N/A),false
i03kih,Dustin Gazley,LW,(N/A),false
i003zf,Dustin Kohn,D,(N/A),false
i06iay,Dustin Nickel,G,CGY,false
i05y76,Dustin Smith,G,(N/A),false
i01tcv,Dustin Stevenson,D,(N/A),false
i02yo5,Dustin Walsh,C,(N/A),false
i04r0x,Dustyn McFaul,D,(N/A),false
i04z4n,Dustyn Zenner,G,(N/A),false
i004rv,Dwight Helminen,C,(N/A),false
i03eej,Dwyer Tschantz,RW,STL,false
i07ad6,Dylan Allie,C,(N/A),false
i06803,Dylan Anhorn,D,CHI,false
i02np2,Dylan Blujus,D,VAN,false
i05rao,Dylan Duke,C,TBL,false
i076yh,Dylan Dumont,RW,BUF,false
i061wd,Dylan Ernst,G,(N/A),false
i06b7g,Dylan Fabre,LW,(N/A),false
i04f2g,Dylan Ferguson,G,(N/A),false
i05lud,Dylan Garand,G,NYR,false
i0632c,Dylan Godbout,F,(N/A),false
i06avo,Dylan Hryckowian,RW,DAL,false
i003gy,Dylan Hunter,LW,(N/A),false
i060po,Dylan James,LW,DET,false
i031pt,Dylan Labbe,D,(N/A),false
i06bai,Dylan MacKinnon,D,NSH,false
i04xc6,Dylan MacPherson,D,VAN,false
i048xp,Dylan Margonari,C,(N/A),false
i04m6g,Dylan McLaughlin,C,DET,false
i05lti,Dylan Peterson,C,STL,false
i04l9c,Dylan Plouffe,D,VAN,false
i05xd2,Dylan Robinson,D,(N/A),false
i06ckj,Dylan Roobroeck,C,NYR,false
i03ebl,Dylan Sadowy,LW,(N/A),false
i03edz,Dylan Sikura,C,(N/A),false
i061n2,Dylan Silverstein,G,(N/A),false
i0646k,Dylan Smith,RW,(N/A),false
i05rfb,Dylan St. Cyr,G,(N/A),false
i042xe,Dylan Wells,G,UTA,false
i06ies,Dylan Wendt,RW,(N/A),false
i02h1u,Dylan Willick,RW,(N/A),false
i02h1w,Dylan Wruck,LW,(N/A),false
i038n1,Dylan Yeo,D,TOR,false
i03mps,Dylan Zink,D,PIT,false
i01zt9,Dylen McKinlay,RW,MIN,false
i062sm,Dyllan Gill,D,TBL,false
i03klr,Dyson Stevenson,RW,VAN,false
i031ou,Eamon McAdam,G,TBL,false
i05lth,Eamon Powell,D,NJD,false
i060vm,Easton Brodzinski,RW,(N/A),false
i06bap,Easton Cowan,C,TOR,false
i0347l,Ebbe Sionas,G,(N/A),false
i02j3v,Ed Wittchow,D,SEA,false
i06spv,Eddie Genborg,LW,DET,false
i03czb,Edgars Kulda,LW,UTA,false
i06uwg,Edison Engle,D,WPG,false
i063e0,Eduard Sale,LW,SEA,false
i05x7c,Eduards Tralmaks,LW,EDM,false
i01unw,Edward Pasquale,G,(N/A),false
i03mwp,Edwin Hedberg,RW,(N/A),false
i03dhp,Edwin Minney,G,(N/A),false
i04f14,Eemeli Rasanen,D,TOR,false
i04mf9,Eemeli Suomi,C,(N/A),false
i068y9,Eemil Vinni,G,EDM,false
i05ltf,Eemil Viro,D,DET,false
i06mqf,Eerik Wallenius,D,OTT,false
i020h0,Eero Elo,LW,MIN,false
i026kh,Eero Kilpelainen,G,(N/A),false
i05xmy,Eetu Anttila,G,(N/A),false
i03afd,Eetu Laurikainen,G,(N/A),false
i05u63,Eetu Liukas,RW,(N/A),false
i04f20,Eetu Makiniemi,G,PHI,false
i04r1f,Eetu Pakkila,LW,(N/A),false
i03ekn,Eetu Sopanen,D,(N/A),false
i042y8,Eetu Tuulola,RW,CGY,false
i04zou,Egor Afanasyev,LW,SJS,false
i07257,Egor Barabanov,LW,CGY,false
i03yqb,Egor Korshkov,RW,FLA,false
i051vd,Egor Serdyuk,RW,PHI,false
i04rfg,Egor Sokolov,LW,UTA,false
i04oen,Egor Yakovlev,D,(N/A),false
i04lgz,Einar Emanuelsson,RW,(N/A),false
i06mb6,EJ Emery,D,NYR,false
i02yom,Elgin Pearce,C,(N/A),false
i062q3,Eli Barnett,D,TBL,false
i06ceb,Eli Sebastian,C,(N/A),false
i04rnk,Eli Zummack,C,(N/A),false
i05y22,Elias Ekstrom,LW,(N/A),false
i06ux3,Elias Jansson,LW,(N/A),false
i05rih,Elias Salomonsson,D,WPG,false
i05uxf,Elias Stenman,C,(N/A),false
i05txh,Elias Vilen,LW,(N/A),false
i05rja,Elijah Gonsalves,RW,(N/A),false
i06tax,Elijah Neuenschwander,G,ANA,false
i03et9,Eliot Antonietti,D,(N/A),false
i05nsd,Elliot Desnoyers,LW,TBL,false
i05oyc,Elliot Ekefjard,RW,UTA,false
i05lub,Elliot Ekmark,C,(N/A),false
i076wo,Elliot Lennon,G,OTT,false
i06mqz,Elliott Groenewold,D,BOS,false
i05uwg,Ellis Rickwood,C,DAL,false
i060xp,Elmeri Laakso,D,(N/A),false
i071wk,Elton Hermansson,RW,LAK,false
i05uda,Emerik Despatie,G,(N/A),false
i048t8,Emerson Clark,LW,(N/A),false
i03cb8,Emil Djuse,D,FLA,false
i031v7,Emil Galimov,LW,SJS,false
i03ano,Emil Garipov,G,(N/A),false
i065ny,Emil Hemming,RW,DAL,false
i06bdo,Emil Jarventie,LW,PIT,false
i03een,Emil Johansson,D,(N/A),false
i04ziy,Emil Johansson,C,(N/A),false
i05yki,Emil Kristensen,D,(N/A),false
i06chi,Emil Kuusla,LW,(N/A),false
i049ld,Emil Larmi,G,(N/A),false
i04n1b,Emil Larsson,LW,(N/A),false
i02oz1,Emil Lundberg,RW,(N/A),false
i02fzt,Emil Molin,C,(N/A),false
i048x0,Emil Oksanen,RW,(N/A),false
i031sb,Emil Pettersson,C,(N/A),false
i06c44,Emil Pieniniemi,D,FLA,false
i02g1i,Emil Sandin,LW,OTT,false
i04fpy,Emil Westerlund,LW,(N/A),false
i06nkd,Emile Guite,LW,ANA,false
i031nv,Emile Poirier,RW,MTL,false
i04xcu,Emmanuel Vella,G,(N/A),false
i061lu,Emmett Croteau,G,MTL,false
i04p2q,Enzo Corvi,C,(N/A),false
i06but,Ephram McNutt,D,(N/A),false
i02yo7,Eriah Hayes,RW,(N/A),false
i05tuz,Eric Alarie,LW,(N/A),false
i03oal,Eric Brassard,G,(N/A),false
i051w8,Eric Ciccolini,RW,(N/A),false
i03db1,Eric Cornel,C,BUF,false
i05oxw,Eric Engstrand,LW,OTT,false
i03woq,Eric Faille,RW,TOR,false
i04r1q,Eric Florchuk,C,WSH,false
i076q2,Eric Frossard,D,ANA,false
i02ypm,Eric Hartzell,G,(N/A),false
i01m18,Eric Himelfarb,C,(N/A),false
i051u7,Eric Hjorth,D,CBJ,false
i06mqh,Eric Jamieson,D,CGY,false
i05qyc,Eric Juhlin,LW,(N/A),false
i02gvp,Eric Knodel,D,(N/A),false
i0385v,Eric Levine,G,(N/A),false
i030vm,Eric Locke,C,BUF,false
i04m4a,Eric Martinsson,D,(N/A),false
i024iy,Eric Mestery,D,WSH,false
i03wly,Eric Neiley,C,(N/A),false
i01mlw,Eric Neilson,RW,TBL,false
i06spw,Eric Nilson,C,ANA,false
i01gjx,Eric O'Dell,C,(N/A),false
i06axw,Eric Olsson,LW,(N/A),false
i068a6,Eric Pohlkamp,D,SJS,false
i04k20,Eric Pye,G,(N/A),false
i015ot,Eric Regan,D,(N/A),false
i03wed,Eric Robinson,RW,(N/A),false
i031ql,Eric Roy,D,(N/A),false
i03ry8,Eric Schierhorn,G,(N/A),false
i01uon,Eric Selleck,LW,(N/A),false
i04aa0,Eric Semborski,G,(N/A),false
i07a2h,Eric Tu,G,(N/A),false
i0598e,Eric Uba,RW,UTA,false
i01c9o,Eric Walsky,RW,(N/A),false
i01spi,Eric Wellwood,LW,(N/A),false
i03i5s,Erik Bradford,C,(N/A),false
i059a9,Erik Brown,LW,NYI,false
i03kik,Erik Burgdoerfer,D,WSH,false
i03rfq,Erik Foley,LW,(N/A),false
i03rjf,Erik Kallgren,G,(N/A),false
i02o73,Erik Karlsson,LW,(N/A),false
i02oai,Erik Nystrom,LW,MTL,false
i060xs,Erik Pahlsson,RW,NSH,false
i04zop,Erik Portillo,G,LAK,false
i04f8c,Erik Walli Walterholm,RW,UTA,false
i06mcx,Eriks Mateiko,LW,WSH,false
i06cfg,Eskil Wold,LW,(N/A),false
i06log,Eskild Bakke Olsen,C,OTT,false
i06loj,Ethan Belchetz,LW,UTA,false
i05ltx,Ethan Cardwell,C,SJS,false
i06sq6,Ethan Czata,C,TBL,false
i05rfy,Ethan De Jong,RW,EDM,false
i05u0t,Ethan Del Mastro,D,CHI,false
i05luc,Ethan Edwards,D,NJD,false
i06gy6,Ethan Frisch,D,(N/A),false
i064wm,Ethan Gauthier,RW,TBL,false
i051uz,Ethan Haider,G,NSH,false
i06be4,Ethan Hay,C,TBL,false
i04z0f,Ethan Keppen,LW,FLA,false
i05x1f,Ethan Kruger,G,EDM,false
i04a7k,Ethan Lavallee,D,(N/A),false
i072h4,Ethan MacKenzie,D,TOR,false
i05rd0,Ethan Manderville,C,(N/A),false
i061ib,Ethan Miedema,LW,BUF,false
i066pl,Ethan Pearson,G,(N/A),false
i051u1,Ethan Phillips,C,(N/A),false
i06mcr,Ethan Procyszyn,RW,ANA,false
i03ywb,Ethan Prow,D,(N/A),false
i06gzp,Ethan Ritchie,D,BOS,false
i05uea,Ethan Samson,D,MTL,false
i01f6q,Ethan Werek,C,(N/A),false
i06sn8,Ethan Wyttenbach,RW,CGY,false
i038ig,Etienne Boutet,D,(N/A),false
i02vhc,Etienne Brodeur,LW,(N/A),false
i02y8z,Etienne Marcoux,G,(N/A),false
i04ma3,Etienne Montpetit,G,(N/A),false
i06bal,Etienne Morin,D,NJD,false
i04f1o,Evan Barratt,C,PHI,false
i02frh,Evan Bloodoff,LW,(N/A),false
i05zmb,Evan Boucher,LW,(N/A),false
i003k2,Evan Brophey,C,(N/A),false
i04xct,Evan Buitenhuis,G,NYI,false
i031qe,Evan Campbell,LW,EDM,false
i042wz,Evan Cormier,G,FLA,false
i031pe,Evan Cowley,G,(N/A),false
i04l2d,Evan Fiala,D,DET,false
i03wpk,Evan Fitzpatrick,G,(N/A),false
i06jhh,Evan Gardner,G,CBJ,false
i0769f,Evan Jardine,LW,CBJ,false
i060ws,Evan Konyen,RW,(N/A),false
i02wkh,Evan McEneny,D,(N/A),false
i0483m,Evan Mosey,RW,(N/A),false
i06iaj,Evan Murr,D,(N/A),false
i05rjt,Evan Nause,D,(N/A),false
i01cjf,Evan Oberg,D,UTA,false
i06tz8,Evan Passmore,D,NYR,false
i03wku,Evan Polei,LW,(N/A),false
i038tm,Evan Rankin,C,TBL,false
i03rk0,Evan Smith,G,NSH,false
i03kgz,Evan Trupp,RW,(N/A),false
i04uqk,Evan Vierling,C,PIT,false
i03kh7,Evan Wardley,D,(N/A),false
i04kyo,Evan Weinger,RW,(N/A),false
i03ymi,Evan Weninger,G,(N/A),false
i06tar,Everett Baldwin,D,TBL,false
i05ugh,Evgeni Kashnikov,D,SJS,false
i022o9,Evgeni Skachkov,LW,STL,false
i015om,Evgeny Grachev,C,(N/A),false
i043cn,Evgeny Mityakin,RW,(N/A),false
i06c94,Ewan Huet,G,(N/A),false
i059e7,Fabian Lysell,LW,COL,false
i061nz,Fabian Wagner,C,WPG,false
i0440k,Fabian Zuccarello,LW,(N/A),false
i05no2,Fabio Iacobo,G,(N/A),false
i05yjh,Fabio Wagner,D,(N/A),false
i031qs,Fabrice Herzog,LW,TOR,false
i060yc,Fabrizio Pilu,D,(N/A),false
i04f78,Fedor Gordeev,D,MIN,false
i051vl,Felix Bibeau,C,NYI,false
i05yjb,Felix Bruckmann,G,(N/A),false
i07296,Felix Caron,RW,(N/A),false
i03sro,Felix Chamberland,LW,(N/A),false
i06xwt,Felix Farhammar,D,NYR,false
i031ph,Felix Girard,C,(N/A),false
i05y3i,Felix Lafrance,LW,(N/A),false
i06b7a,Felix Nilsson,C,NSH,false
i05o65,Felix Robert,C,(N/A),false
i03asa,Felix Sandstrom,G,BUF,false
i004k6,Felix Schutz,C,BUF,false
i073q5,Felix Trudeau,LW,STL,false
i06bui,Felix Unger Sorum,RW,CAR,false
i03rge,Filip Ahl,LW,(N/A),false
i05oy4,Filip Barklund,C,UTA,false
i0419a,Filip Berglund,D,EDM,false
i065jr,Filip Bratt,D,(N/A),false
i060hq,Filip Bystedt,C,SJS,false
i050np,Filip Cederqvist,RW,(N/A),false
i03rf1,Filip Chlapik,C,OTT,false
i06fz2,Filip Ekberg,C,CAR,false
i05oy2,Filip Engaras,C,NJD,false
i06cdz,Filip Eriksson,C,MTL,false
i04qya,Filip Hallander,C,PIT,false
i04rfh,Filip Hasa,D,(N/A),false
i0430w,Filip Helt,LW,STL,false
i04qvf,Filip Johansson,D,(N/A),false
i05908,Filip Koffer,RW,(N/A),false
i04r09,Filip Kral,D,PIT,false
i042yj,Filip Larsson,G,(N/A),false
i051jt,Filip Lindberg,G,(N/A),false
i05rj5,Filip Mesar,RW,MTL,false
i060v5,Filip Nordberg,D,OTT,false
i07702,Filip Novak,LW,CBJ,false
i05961,Filip Prikryl,C,(N/A),false
i03g4a,Filip Pyrochta,D,(N/A),false
i060vh,Filip Roos,D,OTT,false
i074md,Filip Ruzicka,G,MIN,false
i0322u,Filip Sandberg,RW,(N/A),false
i06cfo,Filip Sitar,C,(N/A),false
i04f8l,Filip Sveningsson,LW,CGY,false
i04an3,Filip Westerlund,D,UTA,false
i072b5,Filipp Dolganov,G,(N/A),false
i05ueh,Finlay Williams,RW,(N/A),false
i06hj7,Finn Brink,LW,(N/A),false
i06h7t,Finn Harding,D,PIT,false
i076wy,Finn Kearns,D,SEA,false
i06mqt,Fisher Scott,D,DET,false
i076xb,Florent Houle,RW,UTA,false
i05oh3,Florian Elias,LW,(N/A),false
i06cfs,Florian Xhekaj,LW,MTL,false
i05ubd,Francesco Arcuri,C,(N/A),false
i06c58,Francesco Dell'Elce,D,COL,false
i05u61,Francesco Lapenna,G,MTL,false
i05r8r,Francesco Pinelli,C,LAK,false
i02ob0,Francis Beauvillier,C,(N/A),false
i003vr,Francis Lemieux,C,(N/A),false
i05ra6,Francis Marotte,G,SEA,false
i015pr,Francis Pare,C,(N/A),false
i03eeb,Francis Perron,LW,(N/A),false
i003on,Francis Wathier,LW,TOR,false
i04a7d,Francois Beauchemin,LW,OTT,false
i0058m,Francois Bouchard,RW,(N/A),false
i02oau,Francois Brassard,G,OTT,false
i02o87,Francois Tremblay,G,COL,false
i060xc,Francois-James Buteau,D,(N/A),false
i074ml,Frank Djurasevic,D,TOR,false
i048vy,Frank Hora,D,(N/A),false
i06avn,Frank Ireland,C,(N/A),false
i02oz6,Frank Palazzese,G,(N/A),false
i02yc5,Frank Slubowski,G,(N/A),false
i03knm,Frankie Simonelli,D,EDM,false
i003rw,Franklin MacDonald,D,(N/A),false
i06md0,Frans Haara,D,(N/A),false
i02fzg,Frans Tuohimaa,G,(N/A),false
i06c92,Frantisek Dej,C,(N/A),false
i06i0b,Freddie Halyk,G,(N/A),false
i042we,Frederic Allard,D,MTL,false
i061jm,Frederic Brunet,D,BOS,false
i01v7f,Frederic St-Denis,D,(N/A),false
i038ml,Frederick Roy,LW,BUF,false
i0042i,Frederik Cabana,C,PHI,false
i051us,Frederik Nissen Dichow,G,MTL,false
i03oan,Frederik Tiffels,LW,(N/A),false
i031q3,Fredrik Bergvik,G,SJS,false
i03ry5,Fredrik Forsberg,C,(N/A),false
i04atu,Fredrik Handemark,C,(N/A),false
i003qg,Fredrik Johansson,C,(N/A),false
i042wn,Fredrik Karlstrom,C,NYI,false
i02o7d,Fredrik Larsson,D,PHI,false
i01uw3,Fredrik Pettersson,LW,(N/A),false
i06mci,Fyodor Avramov,LW,CAR,false
i03arn,Fyodor Malykhin,C,(N/A),false
i06y04,Gabe Chiarot,RW,VAN,false
i03pil,Gabe Gagne,RW,(N/A),false
i003sx,Gabe Gauthier,LW,(N/A),false
i05uej,Gabe Klassen,LW,NJD,false
i06axe,Gabe Perreault,RW,NYR,false
i06mj5,Gabe Smith,C,UTA,false
i02fd2,Gabriel Beaupre,D,(N/A),false
i02g20,Gabriel Bourret,D,(N/A),false
i05y9k,Gabriel Carriere,G,(N/A),false
i066q3,Gabriel D'Aigle,G,PIT,false
i0381v,Gabriel Desjardsins,LW,COL,false
i06mhi,Gabriel Eliasson,D,OTT,false
i042yn,Gabriel Fontaine,C,COL,false
i04qyb,Gabriel Fortier,LW,TBL,false
i06miu,Gabriel Frasca,C,NYI,false
i02y8y,Gabriel Girard,G,(N/A),false
i06643,Gabriel Kangas,C,(N/A),false
i061kv,Gabriel Koch,D,(N/A),false
i06hk7,Gabriel Seger,C,DET,false
i045zd,Gabriel Sylvestre,D,(N/A),false
i066pf,Gabriel Szturc,C,TBL,false
i031o9,Gabryel Boudreau,LW,(N/A),false
i01w86,Gaelan Patterson,C,(N/A),false
i05ufo,Gage Alexander,G,DET,false
i031r0,Gage Ausmus,D,(N/A),false
i048y0,Gage Quinney,C,(N/A),false
i05uf2,Gannon Laroque,D,MTL,false
i05o6t,Garin Bjorklund,G,(N/A),false
i04x9y,Garret Cockerill,D,CBJ,false
i02o80,Garret Ross,LW,(N/A),false
i02fml,Garret Sparks,G,(N/A),false
i061i5,Garrett Brown,D,WPG,false
i02g1q,Garrett Haar,D,WSH,false
i005hf,Garrett Klotz,LW,(N/A),false
i048li,Garrett McFadden,D,(N/A),false
i03rjb,Garrett Metcalf,G,(N/A),false
i02fd4,Garrett Meurs,C,(N/A),false
i0264v,Garrett Mitchell,RW,CHI,false
i02j7i,Garrett Noonan,D,(N/A),false
i042wl,Garrett Pilon,C,OTT,false
i06pov,Garrett Pyke,D,COL,false
i01wln,Garrett Roe,LW,WSH,false
i06ho0,Garrett Schifsky,C,(N/A),false
i03aoo,Garrett Thompson,C,(N/A),false
i065jq,Garrett Van Wyhe,C,NJD,false
i03bx4,Gasper Kopitar,C,(N/A),false
i05y9j,Gavin Abric,G,(N/A),false
i0644d,Gavin Brindley,C,COL,false
i07a2t,Gavin Burcar,F,(N/A),false
i04r0r,Gavin Hain,C,NYR,false
i060pp,Gavin Hayes,RW,CHI,false
i079g7,Gavin Lesiuk,LW,WSH,false
i06bur,Gavin McCarthy,D,BUF,false
i04y47,Gavin McHale,G,(N/A),false
i062h5,Gavin McKenna,LW,TOR,false
i06r7m,Gavin Morrissey,LW,(N/A),false
i061lx,Gavin White,D,(N/A),false
i06ale,Gavyn Thoreson,LW,(N/A),false
i06cdv,Gennadi Chaly,D,(N/A),false
i01cj5,Geoff Kinrade,D,(N/A),false
i004oh,Geoff Paukovich,LW,(N/A),false
i003dx,Geoff Platt,C,(N/A),false
i02fsq,Geoff Walker,RW,(N/A),false
i01070,Geoff Waugh,D,(N/A),false
i01zuk,Geoffrey Schemitsch,D,TBL,false
i01n7t,Geordie Wudrick,LW,LAK,false
i060x8,George Fegaras,D,DAL,false
i04m2y,George Scouras,D,(N/A),false
i03meu,George Sorensen,G,(N/A),false
i04ffn,Georgi Ivanov,C,(N/A),false
i05yj7,Georgi Merkulov,C,COL,false
i06b5w,Georgi Romanov,G,STL,false
i0496p,Gerald Mayhew,RW,FLA,false
i05xcv,Gerard Keane,D,(N/A),false
i04rzv,German Grachyov,RW,(N/A),false
i042t4,German Rubtsov,C,PHI,false
i072g9,German Tochilkin,LW,(N/A),false
i04xa2,Gerry Fitzgerald,C,(N/A),false
i06cg4,Giacomo Martino,LW,(N/A),false
i02odi,Gianluca Curcuruto,D,CBJ,false
i051tq,Gianni Fairbrother,D,(N/A),false
i05a7c,Gibson Homer,G,(N/A),false
i04f6x,Gilles Senn,G,(N/A),false
i0043g,Gino Pisellini,RW,(N/A),false
i03rin,Giorgio Estephan,C,TOR,false
i0769g,Giorgos Pantelas,D,LAK,false
i048w6,Giovanni Fiore,LW,(N/A),false
i04lcu,Giovanni Vallati,D,CBJ,false
i01mzp,Gleason Fournier,D,(N/A),false
i076yq,Gleb Peshkov,G,ANA,false
i0769v,Gleb Pugachyov,RW,MTL,false
i05ym4,Gleb Trikozov,LW,CAR,false
i06i0c,Gleb Veremyev,C,NYI,false
i05o6r,Glebs Prohorenkovs,LW,(N/A),false
i004ol,Glenn Fisher,G,(N/A),false
i03rgl,Glenn Gawdin,C,NYR,false
i004mg,Gord Baldwin,D,(N/A),false
i04n8w,Gordon Green,RW,(N/A),false
i06axd,Gracyn Sawchyn,C,FLA,false
i051tr,Graeme Clarke,RW,OTT,false
i03kqk,Graeme Craig,D,EDM,false
i02o7w,Graham Black,C,(N/A),false
i03rf6,Graham Knott,LW,(N/A),false
i042y1,Graham McPhee,LW,OTT,false
i065g9,Graham Slaggert,C,BUF,false
i05uw3,Graham Sward,D,WPG,false
i031qw,Grant Besse,RW,(N/A),false
i066pi,Grant Cruikshank,C,WSH,false
i060vj,Grant Gabriele,D,(N/A),false
i04ln8,Grant Hutton,D,NYI,false
i049fq,Grant Jozefek,RW,(N/A),false
i004ln,Grant Lewis,D,(N/A),false
i004nt,Grant McNeill,D,WSH,false
i04f15,Grant Mismash,C,(N/A),false
i072fo,Grant Porter,RW,(N/A),false
i02yef,Grant Rollheiser,G,(N/A),false
i0520u,Grant Silianoff,LW,(N/A),false
i05mwi,Grant Slukynsky,C,LAK,false
i06xxn,Grant Spada,D,TBL,false
i06xxx,Grayden Robertson-Palmer,C,DET,false
i0618f,Grayden Siepmann,D,(N/A),false
i062nj,Grayson Badger,RW,(N/A),false
i07259,Grayson Burzynski,D,(N/A),false
i03npd,Grayson Downing,RW,(N/A),false
i03cb9,Greg Betzold,C,(N/A),false
i02ye3,Greg Burke,LW,(N/A),false
i02ytz,Greg Carey,C,PHI,false
i031up,Greg Chase,C,(N/A),false
i038mq,Greg Coburn,D,UTA,false
i04mez,Greg Koutsomitis,RW,(N/A),false
i04ffq,Greg Meireles,C,MIN,false
i038t9,Greg Miller,C,(N/A),false
i0040w,Greg Moore,RW,(N/A),false
i05xc8,Greg Moro,D,CGY,false
i05r4y,Greg Printz,LW,(N/A),false
i00qkw,Greg Scott,LW,(N/A),false
i01zuz,Gregg Sutch,RW,(N/A),false
i06mqd,Gregor Biber,D,UTA,false
i04xc9,Gregor MacLeod,C,(N/A),false
i02fmf,Gregory Hofmann,C,(N/A),false
i004kg,Gregory Stewart,LW,(N/A),false
i03tim,Griffen Molino,C,COL,false
i042v0,Griffen Outhouse,G,(N/A),false
i06byd,Griffin Erdman,RW,(N/A),false
i05ra3,Griffin Loughran,RW,(N/A),false
i043j2,Griffin Luce,D,NSH,false
i063e2,Griffin Mendel,D,CAR,false
i02dq1,Griffin Reinhart,D,(N/A),false
i04ama,Grigori Denisenko,LW,(N/A),false
i04qxx,Grigori Dronov,D,(N/A),false
i06mj2,Grigori Kuzmin,LW,(N/A),false
i03219,Grigory Dikushin,LW,(N/A),false
i03rfh,Guillaume Brisebois,D,VAN,false
i00qm2,Guillaume Desbiens,RW,(N/A),false
i03ycq,Guillaume Gauthier,LW,(N/A),false
i03aqy,Guillaume Gelinas,D,(N/A),false
i03ko2,Guillaume Lepine,D,(N/A),false
i015z2,Guillaume Monast,D,(N/A),false
i05tui,Guillaume Richard,D,CBJ,false
i05mwf,Gunnarwolfe Fontaine,LW,TOR,false
i06gyh,Gunner Kinniburgh,D,CBJ,false
i02yei,Gus Young,D,STL,false
i01uc8,Gustaf Wesslau,G,(N/A),false
i043nz,Gustaf Westlund,C,(N/A),false
i051vk,Gustav Berglund,D,DET,false
i03rjw,Gustav Bouramman,D,(N/A),false
i06spx,Gustav Hillstrom,C,NJD,false
i061bh,Gustav Karlsson,C,BUF,false
i03rjn,Gustav Olhaver,C,(N/A),false
i031o6,Gustav Olofsson,D,SEA,false
i031qg,Gustav Possler,RW,(N/A),false
i05iln,Gustav Rydahl,C,COL,false
i06xxj,Gustav Sjoqvist,D,VGK,false
i07446,Gustav Stjernberg,D,COL,false
i068jx,Gustavs Davis Grigals,G,NSH,false
i05uba,Haakon Hanelt,C,WSH,false
i06lkv,Hagen Burrows,RW,TBL,false
i06byc,Hampton Slukynsky,G,LAK,false
i03mpi,Hampus Gustafsson,LW,(N/A),false
i031uz,Hampus Melen,RW,DET,false
i072yb,Hank Cleaves,LW,(N/A),false
i05xw5,Hank Crone,LW,(N/A),false
i05ugi,Hank Kempf,D,COL,false
i05ykm,Hannes Bjorninen,C,(N/A),false
i066oy,Hannes Hellberg,F,(N/A),false
i015oj,Hans Benson,RW,EDM,false
i06sqo,Haoxi Wang,D,SJS,false
i05o60,Haralds Egle,RW,(N/A),false
i042x2,Hardy Haman Aktell,D,WSH,false
i02muu,Harri Pesonen,C,(N/A),false
i01g60,Harri Sateri,G,(N/A),false
i076xo,Harris Pangretitsch,D,OTT,false
i051up,Harrison Blaisdell,C,(N/A),false
i07310,Harrison Boettiger,G,WSH,false
i06lvc,Harrison Brunicke,D,PIT,false
i067xe,Harrison Meneghin,G,TBL,false
i004mo,Harrison Reed,RW,(N/A),false
i02fqf,Harrison Ruopp,D,(N/A),false
i06r9k,Harrison Scott,LW,DAL,false
i06sq5,Harry Nansi,C,TOR,false
i020iu,Harry Young,D,(N/A),false
i05niu,Hayden Fowler,C,(N/A),false
i03edy,Hayden Hawkey,G,(N/A),false
i03knn,Hayden Hodgson,RW,OTT,false
i03ee2,Hayden Lavigne,G,(N/A),false
i03rxj,Hayden McCool,C,(N/A),false
i06sq8,Hayden Paupanekis,RW,MTL,false
i072h6,Hayden Stavroff,RW,(N/A),false
i0598f,Hayden Stewart,G,(N/A),false
i04nsu,Hayden Verbeek,C,DET,false
i074mi,Hayes Hundley,D,TOR,false
i06md6,Heikki Ruohonen,C,PHI,false
i059e3,Helge Grans,D,PHI,false
i060xo,Helmer Styf,C,(N/A),false
i031sa,Henri Ikonen,LW,(N/A),false
i02o85,Henri Kiviaho,G,(N/A),false
i051ub,Henri Nikkanen,C,(N/A),false
i06pl9,Henri Risikko,G,(N/A),false
i0243p,Henrik Bjorklund,RW,CGY,false
i03e1r,Henrik Haapala,LW,(N/A),false
i04m5n,Henrik Haukeland,G,(N/A),false
i01h9a,Henrik Karlsson,G,(N/A),false
i04yn1,Henrik Persson,LW,(N/A),false
i051uq,Henrik Rybinski,RW,TOR,false
i02b7a,Henrik Samuelsson,RW,(N/A),false
i059wk,Henrik Tikkanen,G,NYI,false
i02g1g,Henrik Tommernes,D,(N/A),false
i05mx7,Henry Bowlby,C,COL,false
i06sqq,Henry Brzustewicz,D,LAK,false
i06h8g,Henry Mews,D,CGY,false
i05uan,Henry Nelson,D,NYI,false
i066pn,Henry Welsch,G,(N/A),false
i06mh1,Herman Traff,RW,ANA,false
i06mck,Hiroki Gojsic,RW,NSH,false
i03km1,Holden Cook,C,(N/A),false
i06bni,Hoyt Stanley,D,OTT,false
i01mw2,Hubert Labrie,D,(N/A),false
i042wb,Hudson Elynuik,C,(N/A),false
i06buq,Hudson Malinoski,C,TOR,false
i061i1,Hudson Thornton,D,(N/A),false
i0599a,Hudson Wilson,D,SJS,false
i04n4q,Hugh McGing,LW,PIT,false
i051tp,Hugo Alnefelt,G,TBL,false
i005j1,Hugo Carpentier,C,(N/A),false
i043c3,Hugo Danielsson,D,(N/A),false
i03ee5,Hugo Fagerblom,G,FLA,false
i072yd,Hugo Fransson,D,(N/A),false
i061kx,Hugo Frylen,RW,(N/A),false
i05ufx,Hugo Gabrielson,D,VAN,false
i060y6,Hugo Havelid,G,(N/A),false
i04rqq,Hugo Leufvenius,C,(N/A),false
i05ojb,Hugo Ollas,G,(N/A),false
i05uxb,Hugo Pettersson,C,(N/A),false
i074qj,Hugo Pettersson,LW,(N/A),false
i04l8v,Hugo Roy,C,NSH,false
i05no9,Hugo Styf,D,(N/A),false
i06ay3,Hunter Anderson,LW,(N/A),false
i01svw,Hunter Bishop,LW,(N/A),false
i05ra8,Hunter Brzustewicz,D,CGY,false
i04r0v,Hunter Drew,D,NYI,false
i039vj,Hunter Garlent,C,(N/A),false
i060jc,Hunter Haight,C,MIN,false
i04wwk,Hunter Holmes,C,(N/A),false
i04ymx,Hunter Jones,G,MTL,false
i06mhb,Hunter Laing,RW,CGY,false
i06bnj,Hunter Mayo,D,(N/A),false
i062pu,Hunter McDonald,D,PHI,false
i068xt,Hunter McKown,C,MTL,false
i04atw,Hunter Miska,G,COL,false
i04obf,Hunter Shepard,G,(N/A),false
i02un8,Hunter Shinkaruk,C,(N/A),false
i051ua,Hunter Skinner,D,NSH,false
i03c60,Hunter Smith,RW,(N/A),false
i06mqp,Hunter St. Martin,LW,FLA,false
i05u0r,Hunter Strand,C,(N/A),false
i026h9,Hunter Tremblay,LW,(N/A),false
i03km5,Hunter Warner,D,(N/A),false
i05yg1,Ian Blomquist,G,(N/A),false
i03jfw,Ian Brady,D,(N/A),false
i031o0,Ian McCoshen,D,(N/A),false
i005h2,Ian McKenzie,RW,(N/A),false
i05x6w,Ian McKinnon,C,SEA,false
i05ltl,Ian Moore,D,ANA,false
i06cls,Ian Scherzer,C,(N/A),false
i01fhd,Ian Schultz,RW,(N/A),false
i04a7i,Ian Scott,G,(N/A),false
i0687f,Ian Shane,G,(N/A),false
i05ohf,Ignat Kokhanin,LW,(N/A),false
i06bdi,Ignat Lutfullin,LW,(N/A),false
i01mzj,Igor Bobkov,G,(N/A),false
i06hcr,Igor Chernyshov,LW,SJS,false
i05ny3,Igor Chibrikov,D,(N/A),false
i05o64,Igor Geraskin,LW,(N/A),false
i003p7,Igor Grigorenko,LW,(N/A),false
i02j0i,Igor Knyazev,D,(N/A),false
i06aqn,Igor Larionov,C,(N/A),false
i015oz,Igor Makarov,RW,CHI,false
i04gee,Igor Martynov,RW,(N/A),false
i04xcb,Igor Merezhko,D,(N/A),false
i047gt,Igor Ozhiganov,D,(N/A),false
i04337,Igor Shvyrev,C,(N/A),false
i03zxl,Igor Ustinsky,G,(N/A),false
i04z9a,Iikka Kangasniemi,LW,(N/A),false
i024j4,Iiro Tarkki,G,(N/A),false
i051xl,Iivari Rasanen,D,(N/A),false
i030wh,Ilari Melart,D,(N/A),false
i06r61,Ilia Morozov,LW,BUF,false
i07a2x,Ilja Nikitins,G,(N/A),false
i01djt,Ilkka Heikkinen,D,(N/A),false
i05226,Ilya Altybarmakyan,RW,(N/A),false
i05u4e,Ilya Fedotov,LW,UTA,false
i05uxa,Ilya Ivantsov,F,(N/A),false
i06xxb,Ilya Kanarsky,G,CHI,false
i04llt,Ilya Khokhlov,D,(N/A),false
i04xu7,Ilya Konovalov,G,EDM,false
i061ju,Ilya Kvochko,C,(N/A),false
i04ye9,Ilya Mironov,D,(N/A),false
i04ru6,Ilya Morozov,D,(N/A),false
i06j7t,Ilya Nabokov,G,COL,false
i05tzt,Ilya Nazarov,RW,(N/A),false
i04zos,Ilya Nikolaev,C,(N/A),false
i06lo7,Ilya Pautov,RW,PHI,false
i06maz,Ilya Protas,LW,WSH,false
i06qft,Ilya Reingardt,RW,(N/A),false
i05rkt,Ilya Safonov,C,VAN,false
i059sc,Ilya Solovyov,D,PIT,false
i059z1,Ilya Usov,C,(N/A),false
i0042a,Ilya Zubov,C,(N/A),false
i06tz5,Ilyas Magomedsultanov,D,SJS,false
i03yei,Inti Pestoni,RW,(N/A),false
i06ce7,Isa Parekh,D,(N/A),false
i05nzy,Isaac Belliveau,D,(N/A),false
i06l27,Isaac Gordon,RW,(N/A),false
i05rfa,Isaac Howard,LW,EDM,false
i04l1b,Isaac Johnson,LW,LAK,false
i01zrg,Isaac Macleod,D,SJS,false
i06ce8,Isaac Menard,D,(N/A),false
i065jp,Isaac Poulter,G,WPG,false
i04amx,Isaac Ratcliffe,C,(N/A),false
i05nit,Isaak Phillips,D,WPG,false
i06cfa,Isac Born,C,(N/A),false
i06c6q,Isac Hedqvist,LW,(N/A),false
i060j7,Isaiah George,D,NYI,false
i074lv,Isaiah Norlin,D,(N/A),false
i05109,Isaiah Saville,G,LAK,false
i05lul,Isak Garfve,LW,(N/A),false
i06qqb,Isak Posch,G,NSH,false
i05m18,Isak Rosen,LW,WPG,false
i051vm,Isak Walther,RW,NSH,false
i05gd3,Isiah Campbell,C,(N/A),false
i05uvw,Israel Mianscum,LW,MTL,false
i06bnl,Ivan Anoshko,C,(N/A),false
i00406,Ivan Baranka,D,(N/A),false
i05ueq,Ivan Bjorkly Nordstrom,RW,(N/A),false
i03zag,Ivan Bocharov,G,(N/A),false
i04f8v,Ivan Chekhovich,LW,(N/A),false
i03rje,Ivan Chukarov,D,BUF,false
i05luj,Ivan Didkovsky,RW,(N/A),false
i051xn,Ivan Drozdov,RW,(N/A),false
i03rjk,Ivan Fedotov,G,CBJ,false
i064et,Ivan Ivan,C,BOS,false
i003xu,Ivan Khomutov,C,NJD,false
i06dqy,Ivan Klimovich,C,(N/A),false
i0440s,Ivan Kosorenkov,RW,SJS,false
i04fq1,Ivan Kozlov,LW,(N/A),false
i04gx0,Ivan Kulbakov,G,(N/A),false
i04apc,Ivan Lodnia,RW,SJS,false
i05r2y,Ivan Miroshnichenko,RW,WSH,false
i04qyc,Ivan Morozov,RW,VGK,false
i04r68,Ivan Muranov,LW,(N/A),false
i03e1s,Ivan Nalimov,G,(N/A),false
i03ete,Ivan Nikolishin,LW,(N/A),false
i072yz,Ivan Patrikhayev,D,NYR,false
i04qzj,Ivan Prosvetov,G,CGY,false
i06c54,Ivan Remezovsky,D,(N/A),false
i06lop,Ivan Ryabkin,C,CAR,false
i01zsx,Ivan Telegin,C,(N/A),false
i06xwl,Ivan Tkach-Tkachenko,G,UTA,false
i004l8,Ivan Vishnevskiy,D,(N/A),false
i06m9g,Ivan Volgin,C,(N/A),false
i05ugp,Ivan Vorobyov,RW,STL,false
i06q36,Ivan Vydrenkov,D,(N/A),false
i06mjc,Ivan Yunin,G,COL,false
i05uw2,Ivan Zhigalov,G,COL,false
i06psl,Ivar Stenberg,LW,SJS,false
i05yjs,Ivars Punnenovs,G,(N/A),false
i023ry,J-F Berube,G,LAK,false
i03rfk,J.C. Beaudin,C,MTL,false
i004lo,J.D. Watt,RW,(N/A),false
i03ec1,J.J. Piccinich,RW,STL,false
i023ov,J.P. Anderson,G,SJS,false
i06rmq,J.P. Hurlbert,RW,DET,false
i0239x,J.P. Testwuide,D,PHI,false
i0055n,J.T. Wyman,RW,(N/A),false
i01v7e,Jace Coyle,D,(N/A),false
i060nc,Jace Weir,D,(N/A),false
i04qzg,Jachym Kondelik,C,(N/A),false
i04aoy,Jack Ahcan,D,NSH,false
i0746e,Jack Anderson,D,DAL,false
i04f1p,Jack Badini,C,(N/A),false
i05tus,Jack Bar,D,SJS,false
i05uft,Jack Beck,LW,(N/A),false
i03rjr,Jack Becker,C,DAL,false
i06mcw,Jack Berglund,C,PHI,false
i05xry,Jack Caruso,C,(N/A),false
i038n2,Jack Combs,RW,(N/A),false
i024d4,Jack Connolly,C,(N/A),false
i05rj0,Jack Devine,RW,FLA,false
i03eax,Jack Dougherty,D,BOS,false
i038sn,Jack Downing,RW,BOS,false
i04f79,Jack Dugan,LW,CAR,false
i04m64,Jack Faso,D,(N/A),false
i05k8b,Jack Finley,C,STL,false
i03mh2,Jack Flinn,G,LAK,false
i04qzq,Jack Gorniak,LW,MTL,false
i05ub4,Jack Harvey,LW,TBL,false
i071wm,Jack Hextall,C,CGY,false
i07acw,Jack Horbach,RW,(N/A),false
i05rin,Jack Hughes,C,LAK,false
i06gk1,Jack Ivankovic,G,NSH,false
i04fwd,Jack Jacome,LW,(N/A),false
i04riq,Jack Jensen,LW,(N/A),false
i06zre,Jack Kernan,C,(N/A),false
i042wo,Jack Kopacka,LW,OTT,false
i03yf8,Jack Lafontaine,G,SEA,false
i025hd,Jack Maclellan,LW,(N/A),false
i051vn,Jack Malone,RW,NJD,false
i05ud6,Jack Matier,D,(N/A),false
i06sna,Jack Murtagh,C,PHI,false
i06ht1,Jack Musa,LW,(N/A),false
i06snc,Jack Nesbitt,C,PHI,false
i03acn,Jack Nevins,LW,(N/A),false
i05rbb,Jack O'Brien,C,(N/A),false
i05tqk,Jack Peart,D,MIN,false
i06clg,Jack Phelan,D,DET,false
i06mhj,Jack Pridham,RW,TBL,false
i03eep,Jack Ramsey,D,CHI,false
i066bz,Jack Randl,LW,NYI,false
i04f1t,Jack Rathbone,D,BUF,false
i06iaf,Jack Ricketts,C,UTA,false
i03k83,Jack Rodewald,RW,(N/A),false
i03rjz,Jack Sadek,D,(N/A),false
i05ogj,Jack Smith,LW,MTL,false
i060ps,Jack Sparkes,D,LAK,false
i06rpr,Jack Stockfish,C,(N/A),false
i05lu1,Jack Thompson,D,VAN,false
i03wm9,Jack Walker,LW,(N/A),false
i06j7s,Jack Williams,RW,CBJ,false
i068yv,Jackson Berezowski,RW,(N/A),false
i05rkd,Jackson Cates,C,CHI,false
i05acr,Jackson Cressey,RW,(N/A),false
i06xwv,Jackson Crowder,C,WSH,false
i060nk,Jackson Dorrington,D,NYR,false
i060v0,Jackson Edward,D,PHI,false
i05oxm,Jackson Hallum,LW,VGK,false
i031pg,Jackson Houck,RW,(N/A),false
i05oxp,Jackson Kunz,LW,VAN,false
i04xan,Jackson Leppard,LW,TBL,false
i06c9j,Jackson Nevers,RW,(N/A),false
i06r6a,Jackson Parsons,G,OTT,false
i04qzl,Jackson Perbix,RW,(N/A),false
i06nke,Jackson Smith,D,CBJ,false
i06qdu,Jackson Unger,G,(N/A),false
i051x8,Jackson van de Leest,D,NJD,false
i043r5,Jackson Whistle,G,(N/A),false
i06mcy,Jacob Battaglia,RW,NYR,false
i05xyh,Jacob Bengtsson,C,TOR,false
i06uk6,Jacob Cloutier,RW,WPG,false
i027bk,Jacob DeSerres,G,(N/A),false
i05lu5,Jacob Dion,D,MTL,false
i038mu,Jacob Doty,C,(N/A),false
i068yz,Jacob Fowler,G,MTL,false
i05uxo,Jacob Frasca,C,(N/A),false
i0430o,Jacob Friend,D,LAK,false
i0661h,Jacob Gaucher,C,PHI,false
i04f7e,Jacob Golden,D,MIN,false
i043fa,Jacob Graves,D,(N/A),false
i05u0s,Jacob Guevin,D,(N/A),false
i05ufj,Jacob Holmes,D,(N/A),false
i04r0s,Jacob Ingham,G,(N/A),false
i031v1,Jacob Jackson,C,SJS,false
i06cds,Jacob Julien,RW,WPG,false
i04r1a,Jacob Kucharski,G,CAR,false
i06uy3,Jacob Kvasnicka,C,NYI,false
i01uol,Jacob Lagace,RW,(N/A),false
i06qw7,Jacob LeBlanc,D,(N/A),false
i04m66,Jacob Ledyard,D,(N/A),false
i051uj,Jacob LeGuerrier,D,MTL,false
i065gy,Jacob Mathieu,C,(N/A),false
i04f7m,Jacob McGrew,RW,SJS,false
i05ucc,Jacob Melanson,RW,SEA,false
i0298t,Jacob Micflikier,LW,(N/A),false
i065xh,Jacob Mucitelli,G,(N/A),false
i065d6,Jacob Murray,D,(N/A),false
i045zc,Jacob Neveu,D,(N/A),false
i04ol3,Jacob Nilsson,C,(N/A),false
i04qy8,Jacob Olofsson,C,(N/A),false
i060yb,Jacob Oster,G,(N/A),false
i04f8z,Jacob Paquette,D,NSH,false
i04ymw,Jacob Perreault,RW,(N/A),false
i04qz8,Jacob Pivonka,C,(N/A),false
i03xna,Jacob Pritchard,LW,(N/A),false
i06i09,Jacob Quillan,C,TOR,false
i04qyi,Jacob Ragnarsson,D,NYR,false
i06sqs,Jacob Rombach,D,NSH,false
i04rds,Jacob Schmidt-Svejstrup,RW,(N/A),false
i03wmd,Jacob Smith,G,(N/A),false
i06hd1,Jacob Steinman,G,(N/A),false
i03wnt,Jacob Sweeney,D,(N/A),false
i06cfq,Jacob Toll,D,(N/A),false
i04gz2,Jacob Tortora,LW,(N/A),false
i05ltw,Jacob Truscott,D,DET,false
i076xq,Jacob Vandeven,D,BOS,false
i065wx,Jacob Wilson,D,BOS,false
i03edv,Jaden Lindo,RW,(N/A),false
i06bad,Jaden Lipinski,C,CGY,false
i03cae,Jaedon Descheneau,RW,(N/A),false
i04wy0,Jagger Dirk,D,(N/A),false
i05yn1,Jagger Firkus,C,SEA,false
i06apz,Jagger Joshua,LW,MIN,false
i049ue,Jaimen Yakubowski,LW,(N/A),false
i062ni,Jak Vaarwerk,C,(N/A),false
i06ptz,Jake Barczewski,G,(N/A),false
i02odl,Jake Bischoff,D,VGK,false
i05no3,Jake Boltmann,D,CGY,false
i03lsg,Jake Chelios,D,(N/A),false
i05u3f,Jake Chiasson,RW,MTL,false
i04z3v,Jake Elmer,RW,(N/A),false
i06c47,Jake Fisher,LW,COL,false
i05r19,Jake Flynn,D,(N/A),false
i060na,Jake Furlong,D,CHI,false
i02fsr,Jake Gannon,D,(N/A),false
i05xcw,Jake Gaudet,C,CBJ,false
i04xce,Jake Gricius,C,SJS,false
i076ye,Jake Gustafson,C,SJS,false
i02447,Jake Hansen,RW,(N/A),false
i01dkx,Jake Hauswirth,C,(N/A),false
i02ycd,Jake Hildebrand,G,(N/A),false
i04xc4,Jake Horton,C,FLA,false
i060np,Jake Karabela,C,DAL,false
i04llw,Jake Kielly,G,(N/A),false
i04xbg,Jake Kulevich,D,EDM,false
i051x0,Jake Lee,D,CGY,false
i060wm,Jake Livanavage,D,PIT,false
i05ybp,Jake Livingstone,D,CGY,false
i04z1e,Jake Lucchini,LW,NSH,false
i03edf,Jake Marchment,C,SJS,false
i05tzq,Jake Martin,D,(N/A),false
i03rir,Jake Massie,D,WSH,false
i05x9c,Jake McLaughlin,D,NSH,false
i03ry6,Jake Morrissey,G,(N/A),false
i01svn,Jake Newton,D,(N/A),false
i06nkc,Jake O'Brien,C,SEA,false
i02nq5,Jake Paterson,G,MIN,false
i05ohe,Jake Ratzlaff,D,(N/A),false
i062lk,Jake Richard,RW,BUF,false
i0430p,Jake Ryczek,D,CHI,false
i051vz,Jake Schmaltz,LW,BOS,false
i05rca,Jake Sibell,G,(N/A),false
i05xcp,Jake Slaker,C,CBJ,false
i060xf,Jake Sloan,RW,(N/A),false
i072fr,Jake Sondreal,C,(N/A),false
i004nh,Jake Taylor,D,EDM,false
i05n1i,Jake Uberti,C,(N/A),false
i03uzs,Jake Wise,C,COL,false
i05y3k,Jakin Smallwood,RW,CBJ,false
i03rey,Jakob Forsbacka Karlsson,C,BOS,false
i06pyl,Jakob Ihs Wozniak,RW,VGK,false
i06xwq,Jakob Leander,D,CGY,false
i04yrt,Jakob Lilja,RW,(N/A),false
i062nk,Jakob Noren,D,(N/A),false
i042yr,Jakob Stenqvist,D,(N/A),false
i042y6,Jakob Stukel,LW,EDM,false
i04r11,Jakov Novak,LW,(N/A),false
i05u3y,Jakub Brabenec,C,VGK,false
i06cf0,Jakub Chromiak,D,CBJ,false
i01zsv,Jakub Culek,LW,OTT,false
i05uhg,Jakub Demek,RW,VGK,false
i06bdn,Jakub Dvorak,D,LAK,false
i06mh2,Jakub Fibigr,D,SEA,false
i076k4,Jakub Floris,D,NSH,false
i04f7h,Jakub Galvas,D,CHI,false
i060nd,Jakub Hujer,LW,(N/A),false
i03yel,Jakub Jerabek,D,(N/A),false
i004cf,Jakub Klepis,C,(N/A),false
i05ny1,Jakub Konecny,LW,(N/A),false
i05ug7,Jakub Kos,LW,FLA,false
i02jq1,Jakub Kovar,G,PHI,false
i072nb,Jakub Krbecek,G,(N/A),false
i04m2o,Jakub Lacka,LW,(N/A),false
i05uf1,Jakub Malek,G,NJD,false
i06mp3,Jakub Milota,G,NSH,false
i03p6u,Jakub Nakladal,D,(N/A),false
i003ji,Jakub Petruzalek,C,(N/A),false
i05tq2,Jakub Pour,RW,CHI,false
i06kv4,Jakub Rychlovsky,LW,(N/A),false
i03d56,Jakub Sedlacek,G,(N/A),false
i02ye6,Jakub Sindel,C,(N/A),false
i04bfl,Jakub Skarek,G,SJS,false
i06c41,Jakub Stancl,C,STL,false
i02696,Jakub Stepanek,G,(N/A),false
i0760k,Jakub Vanecek,D,DAL,false
i062pw,Jakub Vondras,G,CAR,false
i05ugt,Jalen Luypen,C,CHI,false
i0484o,Jalen Smereck,D,(N/A),false
i03a2m,Jamal Watson,LW,MTL,false
i02oay,James De Haas,D,(N/A),false
i00qky,James DeLory,D,(N/A),false
i0618n,James Fisher,C,CBJ,false
i042w9,James Greenway,D,BOS,false
i06ag2,James Hagens,C,BOS,false
i058lt,James Hamblin,LW,ANA,false
i05k8f,James Hardie,LW,UTA,false
i06c6y,James Hong,LW,(N/A),false
i03rxm,James Kruger,G,(N/A),false
i01gk2,James Livingston,RW,(N/A),false
i05u0k,James Malatesta,C,CBJ,false
i04yje,James Malm,LW,(N/A),false
i01tez,James Marcou,RW,(N/A),false
i02fra,James Martin,D,(N/A),false
i048xz,James McEwan,C,(N/A),false
i02nqc,James Melindy,D,(N/A),false
i01zvg,James Mullin,RW,TBL,false
i06cfw,James Petrovski,D,(N/A),false
i04w50,James Phelan,LW,(N/A),false
i06mhe,James Reeder,RW,LAK,false
i03d28,James Reid,G,(N/A),false
i05o4l,James Sanchez,LW,(N/A),false
i060wa,James Stefan,RW,EDM,false
i051xi,Jami Krannila,LW,(N/A),false
i043c2,Jamie Armstrong,LW,(N/A),false
i01df8,Jamie Arniel,C,(N/A),false
i01mze,Jamie Devane,LW,PIT,false
i026kd,Jamie Doornbosch,D,(N/A),false
i003z8,Jamie Fraser,D,(N/A),false
i01cje,Jamie Fritsch,D,(N/A),false
i004nv,Jamie Hunt,D,(N/A),false
i03zd0,Jamie Murray,G,SJS,false
i02odq,Jamie Phillips,G,(N/A),false
i004k8,Jamie Tardif,RW,(N/A),false
i04zyu,Jamieson Rees,C,OTT,false
i05ge3,Jan Bednar,G,(N/A),false
i06tb3,Jan Chovan,C,LAK,false
i04f7j,Jan Drozg,RW,PIT,false
i06mgw,Jan Golicic,D,TBL,false
i04qye,Jan Jenik,RW,LAK,false
i06kkw,Jan Kavan,G,(N/A),false
i06rli,Jan Korec,G,(N/A),false
i031q0,Jan Kostalek,D,(N/A),false
i03avx,Jan Kovar,C,(N/A),false
i048y6,Jan Mandat,C,NJD,false
i003po,Jan Mursak,LW,(N/A),false
i04zp8,Jan Mysak,C,(N/A),false
i05xs8,Jan Ruzicka,G,(N/A),false
i06bum,Jan Sprynar,RW,(N/A),false
i060ny,Jan Spunar,G,(N/A),false
i03cab,Jan Urbas,C,(N/A),false
i01ugy,Jani Lajunen,C,(N/A),false
i06808,Jani Lampinen,G,(N/A),false
i060jj,Jani Nyman,LW,SEA,false
i03mjm,Janick Schwendener,G,(N/A),false
i05yju,Janis Jaks,D,(N/A),false
i04cmw,Janis Kalnins,G,(N/A),false
i05n1h,Janis Svanenbergs,RW,(N/A),false
i031v3,Janne Juvonen,G,NSH,false
i06cl3,Janne Peltonen,D,CHI,false
i01m17,Jared Aulin,C,(N/A),false
i03wma,Jared Bethune,LW,(N/A),false
i02z6h,Jared Coreau,G,(N/A),false
i060yy,Jared Davidson,C,MTL,false
i03eec,Jared Fiegl,LW,UTA,false
i038n3,Jared Gomes,LW,FLA,false
i03byf,Jared Hauf,D,(N/A),false
i01ztc,Jared Knight,C,(N/A),false
i04lbs,Jared McIsaac,D,BOS,false
i04mme,Jared Moe,G,(N/A),false
i04w52,Jared Thomas,LW,STL,false
i03k85,Jared Walsh,D,(N/A),false
i06ide,Jared Westcott,LW,(N/A),false
i04xbe,Jared Wilson,D,EDM,false
i06mj8,Jared Woolley,D,LAK,false
i062pv,Jared Wright,RW,LAK,false
i03wkx,Jarett Meyer,D,DET,false
i06h9b,Jari Kykkanen,G,CGY,false
i0597u,Jarid Lukosevicius,RW,VAN,false
i03yeh,Jarno Karki,LW,(N/A),false
i01u4a,Jarod Palmer,C,(N/A),false
i05kkd,Jaromir Pytlik,C,(N/A),false
i05ufl,Jaroslav Chmelar,RW,NYR,false
i01gjk,Jaroslav Janus,G,(N/A),false
i02gvm,Jaroslav Pavelka,G,(N/A),false
i04f7g,Jarret Tyszka,D,MTL,false
i048xx,Jarrett Burton,C,BUF,false
i065jk,Jarrod Gourley,D,(N/A),false
i02nq7,Jarrod Maidens,LW,(N/A),false
i025gx,Jason Akeson,RW,(N/A),false
i005gm,Jason Bailey,RW,(N/A),false
i03nph,Jason Bast,C,(N/A),false
i01zqk,Jason Clark,LW,(N/A),false
i05ilm,Jason Cotton,C,CAR,false
i03kls,Jason Fram,D,SJS,false
i0243i,Jason Gregoire,LW,(N/A),false
i02g1f,Jason Kasdorf,G,(N/A),false
i01fwz,Jason Missiaen,G,(N/A),false
i003zr,Jason Pitton,RW,(N/A),false
i066ri,Jason Polin,RW,BUF,false
i003yh,Jason Ryznar,LW,MIN,false
i003yi,Jason Smith,G,NJD,false
i01zso,Jason Wilson,LW,(N/A),false
i06uvn,Jasper Kuhta,LW,DAL,false
i05o4n,Jasper Patrikainen,G,(N/A),false
i04qz7,Jasper Weatherby,C,(N/A),false
i06mcq,Javon Moore,LW,OTT,false
i06hja,Jax Dubois,C,(N/A),false
i066c5,Jaxon Castor,G,SEA,false
i0760d,Jaxon Cover,LW,OTT,false
i071m6,Jaxon Fuder,C,DAL,false
i04579,Jaxon Nelson,C,BOS,false
i06ajl,Jaxsen Wiebe,RW,(N/A),false
i06poq,Jaxsin Vaughan,RW,ANA,false
i05rap,Jaxson Stauber,G,UTA,false
i01nll,Jay Barriball,LW,(N/A),false
i04qvd,Jay O'Brien,C,(N/A),false
i048xt,Jay Williams,G,(N/A),false
i060ev,Jayden Davis,LW,(N/A),false
i05u0o,Jayden Grubbe,C,(N/A),false
i049s4,Jayden Halbgewachs,LW,(N/A),false
i03wmb,Jayden Hart,RW,(N/A),false
i06uvg,Jayden Kraus,G,COL,false
i076kl,Jayden Kurtz,D,ANA,false
i062ka,Jayden Perron,RW,CAR,false
i05o6o,Jaydon Dureau,LW,TBL,false
i02odv,Jaynen Rissling,D,(N/A),false
i03nqj,Jayson Argue,G,(N/A),false
i06bdm,Jayson Shaugabay,RW,TBL,false
i02x98,JC Lipon,RW,(N/A),false
i03khb,Jean Dupuy,LW,TOR,false
i004kr,Jean-Claude Sawyer,D,(N/A),false
i029ja,Jean-Francois Leblanc,C,(N/A),false
i03d10,Jean-Francois Plante,RW,(N/A),false
i059dw,Jean-Luc Foudy,C,(N/A),false
i01uh5,Jean-Michel Daoust,RW,(N/A),false
i03av8,Jean-Paul LaFontaine,LW,(N/A),false
i003v6,Jean-Philippe Cote,D,(N/A),false
i01gka,Jean-Philippe Lamoureux,G,CGY,false
i003di,Jean-Philippe Levasseur,G,(N/A),false
i076y4,Jean-Samuel Daigneault,D,MTL,false
i01mzq,Jean-Sebastien Berube,LW,(N/A),false
i038ke,Jean-Sebastien Dea,C,(N/A),false
i02g1p,Jean-Simon Allard,C,BUF,false
i031ut,Jedd Soleway,C,UTA,false
i02ydz,Jeff Costello,LW,TBL,false
i048w2,Jeff de Wit,LW,(N/A),false
i024d6,Jeff Dimmen,D,(N/A),false
i02fla,Jeff Foss,D,(N/A),false
i01a1w,Jeff Frazee,G,(N/A),false
i0041o,Jeff Glass,G,(N/A),false
i04l94,Jeff King,D,TOR,false
i04l7v,Jeff Kubiak,C,(N/A),false
i01gkd,Jeff Lerg,G,(N/A),false
i0055m,Jeff LoVecchio,LW,(N/A),false
i01c9q,Jeff May,D,(N/A),false
i0056y,Jeff Penner,D,(N/A),false
i03eek,Jeff Taylor,D,(N/A),false
i00589,Jeff Zatkoff,G,(N/A),false
i06q1d,Jens Auke Hoekstra,G,(N/A),false
i03rfv,Jens Looke,RW,(N/A),false
i05gwq,Jerad Rosburg,D,(N/A),false
i05ncu,Jere Huhtamaa,G,(N/A),false
i04ytf,Jere Innala,LW,COL,false
i061a3,Jere Lassila,C,(N/A),false
i02yeb,Jere Sallinen,LW,(N/A),false
i04rnd,Jeremi Gerber,RW,(N/A),false
i05uw4,Jeremi Tammela,C,(N/A),false
i03rk2,Jeremiah Addison,LW,(N/A),false
i05oye,Jeremias Lindewall,LW,(N/A),false
i05oyz,Jeremie Biakabutuka,D,(N/A),false
i01zu1,Jeremie Blain,D,MTL,false
i05o4e,Jeremie Bucheler,D,SJS,false
i03rx6,Jeremie Fraser,D,(N/A),false
i059db,Jeremie Poirier,D,(N/A),false
i029jb,Jeremy Boyce-Rotevall,LW,(N/A),false
i03rfc,Jeremy Bracco,RW,CAR,false
i048vz,Jeremy Brodeur,G,NJD,false
i003z0,Jeremy Colliton,C,(N/A),false
i0430g,Jeremy Davies,D,VGK,false
i0042o,Jeremy Duchesne,G,(N/A),false
i031su,Jeremy Gregoire,C,DAL,false
i04xcj,Jeremy Groleau,D,(N/A),false
i05uh7,Jeremy Hanzel,D,NJD,false
i042xn,Jeremy Helvig,G,CAR,false
i060nn,Jeremy Langlois,D,UTA,false
i06sfx,Jeremy Loranger,C,CBJ,false
i04ncv,Jeremy McKenna,RW,(N/A),false
i051wi,Jeremy Michel,LW,STL,false
i02i10,Jeremy Price,D,VAN,false
i03reo,Jeremy Roy,D,(N/A),false
i00552,Jeremy Smith,G,(N/A),false
i02j6t,Jeremy Welsh,C,(N/A),false
i004am,Jeremy Williams,RW,(N/A),false
i05tcx,Jeremy Wilmer,C,NJD,false
i048vp,Jermaine Loewen,LW,VAN,false
i02ygr,Jerome Flaake,RW,(N/A),false
i01ztx,Jerome Gauthier-Leduc,D,(N/A),false
i03wla,Jerome Leduc,D,(N/A),false
i004lq,Jerome Samson,RW,TBL,false
i03kno,Jerome Verrier,RW,(N/A),false
i01s64,Jerry D'Amigo,RW,(N/A),false
i04arp,Jerry Turkulainen,LW,(N/A),false
i04qyu,Jesper Eliasson,G,DET,false
i05ou9,Jesper Froden,RW,SEA,false
i03rg4,Jesper Lindgren,D,(N/A),false
i06luw,Jesper Mattila,D,(N/A),false
i05uu7,Jesper Myrenberg,G,(N/A),false
i05jy0,Jesper Olofsson,LW,(N/A),false
i0326v,Jesper Pettersson,D,(N/A),false
i01n45,Jesper Samuelsson,C,DET,false
i04mlj,Jesper Sellgren,D,CAR,false
i05ny4,Jesper Vikman,G,(N/A),false
i04yg5,Jesper Wallstedt,G,MIN,false
i04gem,Jesse Bjugstad,D,(N/A),false
i01mkc,Jesse Blacker,D,(N/A),false
i02gvo,Jesse Forsberg,D,(N/A),false
i03rgb,Jesse Gabrielle,LW,(N/A),false
i02oaj,Jesse Graham,D,(N/A),false
i066q0,Jesse Kiiskinen,RW,DET,false
i04fjd,Jesse Koskenkorva,C,(N/A),false
i043cq,Jesse Lees,D,(N/A),false
i038t1,Jesse Mychan,LW,(N/A),false
i06bnc,Jesse Nurmi,LW,NYI,false
i06i0a,Jesse Pulkkinen,D,NYI,false
i03c64,Jesse Root,LW,(N/A),false
i04ru3,Jett Alexander,G,TOR,false
i06lv1,Jett Luchanko,C,PHI,false
i04lc4,Jett Woo,D,ANA,false
i05yka,Jianing Guo,F,(N/A),false
i05u6e,Jimi Suomi,D,(N/A),false
i004kh,Jimmy Bonneau,RW,SJS,false
i03d0c,Jimmy Bubnick,C,(N/A),false
i06c1q,Jimmy Clark,LW,MIN,false
i04l3v,Jimmy Devito,C,(N/A),false
i04yuc,Jimmy Huntington,C,SJS,false
i065jm,Jimmy Lambert,RW,NYI,false
i031p5,Jimmy Lodge,C,(N/A),false
i06tmk,Jimmy Lombardi,C,LAK,false
i03knk,Jimmy Oligny,D,(N/A),false
i05ocm,Jimmy Panos,D,(N/A),false
i076xy,Jimmy Rieber,D,ANA,false
i043cb,Jimmy Schuldt,D,VAN,false
i004bu,Jimmy Sharrow,D,(N/A),false
i06c48,Jiri Felcman,C,CHI,false
i03mll,Jiri Fronk,RW,(N/A),false
i04ffo,Jiri Karafiat,RW,(N/A),false
i04f7o,Jiri Patera,G,BOS,false
i05y33,Jiri Smejkal,LW,(N/A),false
i05u14,Jiri Tichacek,D,(N/A),false
i0730j,Jiro Frilander,RW,(N/A),false
i0726j,JJ Wiebusch,RW,(N/A),false
i0430v,Joachim Blichfeld,RW,(N/A),false
i02dq4,Joachim Nermark,C,COL,false
i01fx6,Joacim Eriksson,G,(N/A),false
i05ui3,Joakim Kemell,RW,NSH,false
i04n1c,Joakim Nygard,LW,(N/A),false
i05ufb,Joaquim Lemay,D,WSH,false
i04f8d,Jocktan Chainey,D,NJD,false
i00407,Joe Barnes,C,(N/A),false
i01zvk,Joe Basaraba,RW,(N/A),false
i060wg,Joe Becker,C,(N/A),false
i003d2,Joe Callahan,D,(N/A),false
i025mf,Joe Cannata,G,(N/A),false
i059dm,Joe Carroll,LW,SJS,false
i06kr1,Joe Connor,C,TBL,false
i0598l,Joe Cox,RW,MTL,false
i02zqb,Joe Diamond,LW,WSH,false
i00583,Joe Fallon,G,UTA,false
i01zu9,Joe Faust,D,NJD,false
i01cgj,Joe Finley,D,(N/A),false
i0633y,Joe Fleming,D,VGK,false
i038t2,Joe Gleason,D,(N/A),false
i03knt,Joe Hicketts,D,LAK,false
i06rmp,Joe Iginla,RW,CGY,false
i004j4,Joe Jensen,C,(N/A),false
i02fzu,Joe Labate,C,VAN,false
i026kq,Joe Lavin,D,CBJ,false
i06gyg,Joe Leahy,D,CBJ,false
i01cen,Joe Loprieno,D,(N/A),false
i03wm2,Joe Masonius,D,PIT,false
i05ny0,Joe Miller,RW,TOR,false
i06ht4,Joe Palodichuk,D,(N/A),false
i03knh,Joe Pendenza,C,NSH,false
i003tg,Joe Piskula,D,(N/A),false
i0603v,Joe Ranger,G,(N/A),false
i01zud,Joe Rogalski,D,PIT,false
i003yf,Joe Rooney,LW,NJD,false
i004oq,Joe Ryan,D,TOR,false
i04ctq,Joe Snively,C,DET,false
i0264u,Joe Sova,D,(N/A),false
i0267n,Joe Stejskal,D,(N/A),false
i05u3i,Joe Vrbetic,G,MTL,false
i03ebt,Joe Wegwerth,RW,(N/A),false
i02yqo,Joe Whitney,RW,(N/A),false
i05k9b,Joel Blomqvist,G,PIT,false
i01ofh,Joel Broda,C,(N/A),false
i02ycn,Joel Champagne,C,(N/A),false
i01uo6,Joel Chouinard,D,(N/A),false
i005il,Joel Gistedt,G,(N/A),false
i061lv,Joel Jonsson,RW,(N/A),false
i03oxe,Joel Kellman,C,SJS,false
i04rhf,Joel L'Esperance,RW,DET,false
i03nq4,Joel Lassinantti,G,(N/A),false
i05nix,Joel Maatta,C,EDM,false
i04w3f,Joel Messner,D,BOS,false
i05ugz,Joel Nystrom,D,CAR,false
i04meq,Joel Persson,D,(N/A),false
i062py,Joel Ratkovic Berndtsson,RW,BUF,false
i005h1,Joel Rechlicz,RW,(N/A),false
i03ant,Joel Rumpel,G,(N/A),false
i06mji,Joel Svensson,LW,CHI,false
i04gef,Joel Teasdale,LW,(N/A),false
i031un,Joel Vermin,RW,(N/A),false
i03d0v,Joey Benik,LW,(N/A),false
i03eda,Joey Dudek,C,(N/A),false
i01zqn,Joey Hishon,C,(N/A),false
i04mr1,Joey Keane,D,SJS,false
i02h88,Joey Laleggia,D,(N/A),false
i06hrj,Joey Larson,RW,NYI,false
i01zqy,Joey Leach,D,(N/A),false
i062q2,Joey Muldowney,RW,SJS,false
i03wo6,Joey Ratelle,LW,SJS,false
i06cg1,Joey Sylvester,D,(N/A),false
i0044p,Joey Tenute,C,(N/A),false
i01n7e,Johan Alcen,LW,COL,false
i03cve,Johan Alm,D,(N/A),false
i01uw2,Johan Fransson,D,(N/A),false
i01zsd,Johan Gustafsson,G,(N/A),false
i01d90,Johan Harju,LW,(N/A),false
i02fnk,Johan Mattsson,G,(N/A),false
i01di1,Johan Motin,D,(N/A),false
i003pu,Johan Ryno,RW,(N/A),false
i04r0k,Johan Sodergran,LW,LAK,false
i02b6t,Johan Sundstrom,C,(N/A),false
i04yfv,Johannes Kinnvall,D,(N/A),false
i04f7p,John Adams,RW,DET,false
i0243z,John Albert,C,(N/A),false
i004j8,John Armstrong,C,CGY,false
i004mp,John Curry,G,(N/A),false
i03rk6,John Dahlstrom,RW,CHI,false
i005gl,John de Gray,D,(N/A),false
i02npt,John Draeger,D,MIN,false
i050by,John Farinacci,C,NSH,false
i05oya,John Fusco,D,TOR,false
i031uy,John Gilmour,D,(N/A),false
i03rjp,John Kupsky,G,SJS,false
i02zo5,John Kurtz,LW,(N/A),false
i003ny,John Lammers,LW,(N/A),false
i02ye5,John Lee,D,FLA,false
i05grz,John Lethemon,G,(N/A),false
i051tn,John Ludvig,D,(N/A),false
i02oah,John McCarron,RW,EDM,false
i03kgv,John McInnis,RW,SJS,false
i02jp9,John Mitchell,LW,(N/A),false
i02k1e,John Muse,G,(N/A),false
i06ief,John Mustard,LW,CHI,false
i0058e,John Negrin,D,(N/A),false
i03edn,John Nyberg,D,(N/A),false
i048xr,John Parker,RW,(N/A),false
i065g2,John Parker Jones,D,(N/A),false
i06oxr,John Parsons,G,WPG,false
i02fnp,John Persson,LW,(N/A),false
i06kv6,John Prokop,D,NSH,false
i03e7r,John Quenneville,C,(N/A),false
i01zty,John Ramage,D,(N/A),false
i04qzh,John St. Ivany,D,WPG,false
i04ajg,John Stevens,C,(N/A),false
i004l2,John Vigilante,LW,(N/A),false
i01zsm,John Westin,LW,MTL,false
i06mgq,John Whipple,D,DET,false
i03eb1,Johnathan Macleod,D,(N/A),false
i06ce0,Johnny Hicks,G,(N/A),false
i04y1t,Johnny Walker,RW,(N/A),false
i059a6,Johno May,RW,(N/A),false
i02nq0,Jon Gillies,G,TOR,false
i003vb,Jon Gleed,D,MTL,false
i03rrl,Jon Jutzi,D,TOR,false
i0057d,Jon Kalinski,C,(N/A),false
i004mf,Jon Landry,D,(N/A),false
i0340l,Jon Landry,D,(N/A),false
i059eb,Jon Lizotte,D,PIT,false
i0043b,Jon Matsumoto,C,(N/A),false
i06apy,Jon McDonald,D,WSH,false
i03kni,Jon Puskar,C,(N/A),false
i05x1b,Jon-Randall Avon,C,SEA,false
i048zj,Jonah Imoo,G,LAK,false
i076ww,Jonah Sivertson,RW,VGK,false
i005i7,Jonas Ahnelov,D,(N/A),false
i003py,Jonas Almtorp,C,(N/A),false
i06r68,Jonas Arntzen,G,(N/A),false
i03yln,Jonas Gunnarsson,G,(N/A),false
i01uo7,Jonas Holos,D,(N/A),false
i004tk,Jonas Johansson,RW,(N/A),false
i004mq,Jonas Junland,D,(N/A),false
i076wt,Jonas Kemps,D,FLA,false
i076kr,Jonas Lagerberg Hoen,RW,OTT,false
i05yjg,Jonas Muller,D,(N/A),false
i05960,Jonas Peterek,C,(N/A),false
i06rmn,Jonas Stettmer,G,(N/A),false
i06une,Jonas Woo,D,CBJ,false
i04fjb,Jonatan Asplund,D,(N/A),false
i02ods,Jonatan Nielsen,D,FLA,false
i042wp,Jonathan Ang,C,(N/A),false
i04xc8,Jonathan Aspirot,D,BOS,false
i004k4,Jonathan Boutin,G,(N/A),false
i01dxj,Jonathan Carlsson,D,(N/A),false
i06cdp,Jonathan Castagna,C,CGY,false
i004ow,Jonathan D'Aversa,D,(N/A),false
i042vq,Jonathan Dahlen,C,(N/A),false
i03rwd,Jonathan Davidsson,RW,OTT,false
i06fxc,Jonathan Fauchon,C,(N/A),false
i003va,Jonathan Ferland,RW,(N/A),false
i00458,Jonathan Filewich,RW,(N/A),false
i04qz2,Jonathan Gruden,LW,NJD,false
i02fq0,Jonathan Hazen,RW,(N/A),false
i01zs6,Jonathan Iilahti,G,VAN,false
i0248w,Jonathan Johansson,C,(N/A),false
i05xcm,Jonathan Lekkerimaki,RW,VAN,false
i065b3,Jonathan Lemieux,G,VAN,false
i06mct,Jonathan Morello,LW,BOS,false
i04yqr,Jonathan Myrenberg,D,BOS,false
i02fx3,Jonathan Parker,RW,(N/A),false
i02fn4,Jonathan Racine,D,(N/A),false
i023om,Jonathan Rheault,RW,(N/A),false
i003gb,Jonathan Sigalet,D,(N/A),false
i04fh8,Jonathan Smart,D,(N/A),false
i004no,Jonathan Tremblay,RW,(N/A),false
i04lcv,Jonathan Tychonick,D,(N/A),false
i0598k,Jonathan Yantsis,RW,(N/A),false
i031ol,Jonathan-Ismael Diaby,D,(N/A),false
i03xmj,Jonathon Martin,C,DET,false
i04f13,Joni Ikonen,C,MTL,false
i05ku7,Joni Jurmo,D,(N/A),false
i01y46,Joni Ortio,G,(N/A),false
i03rjd,Joni Tuulola,D,(N/A),false
i03rgn,Jonne Tammela,RW,(N/A),false
i05rkv,Jonny Evans,RW,NYR,false
i067za,Joona Ikonen,RW,(N/A),false
i042xo,Joona Koppanen,LW,PIT,false
i051kw,Joona Luoto,LW,CBJ,false
i06mjn,Joona Saarelainen,C,TBL,false
i06luu,Joona Vaisanen,D,PIT,false
i04lp1,Joona Voutilainen,G,(N/A),false
i02jz6,Joonas Jarvinen,D,(N/A),false
i03mmz,Joonas Kemppainen,LW,(N/A),false
i01mjh,Joonas Lehtivuori,D,(N/A),false
i03ecr,Joonas Lyytinen,D,(N/A),false
i01mzb,Joonas Nattinen,C,(N/A),false
i05g4i,Joonas Oden,LW,(N/A),false
i01zts,Joonas Rask,C,(N/A),false
i04xtd,Joose Antonen,RW,(N/A),false
i004o0,Jordan Bendfeld,D,(N/A),false
i04l7j,Jordan Boucher,LW,(N/A),false
i06xwi,Jordan Charron,RW,PIT,false
i060pt,Jordan Dumais,RW,CBJ,false
i04mr9,Jordan Ernst,LW,(N/A),false
i02fnm,Jordan Fransoo,D,(N/A),false
i060er,Jordan Frasca,C,NSH,false
i02ye4,Jordan Fulton,LW,(N/A),false
i03nqk,Jordan Gross,D,(N/A),false
i060j8,Jordan Gustafson,C,VGK,false
i003rp,Jordan Henry,D,(N/A),false
i04f87,Jordan Hollett,G,OTT,false
i05g3y,Jordan Kawaguchi,C,(N/A),false
i015ow,Jordan Knackstedt,RW,(N/A),false
i04r1j,Jordan Kooy,G,VGK,false
i003ev,Jordan LaVallee,LW,(N/A),false
i04rfk,Jordan Maher,RW,(N/A),false
i04k82,Jordan Malette,C,(N/A),false
i0496h,Jordan Murray,D,OTT,false
i01d8z,Jordan Owens,LW,(N/A),false
i03ofl,Jordan Papirny,G,(N/A),false
i01cwg,Jordan Pearce,G,(N/A),false
i03kis,Jordan Rowley,D,(N/A),false
i042xq,Jordan Sambrook,D,(N/A),false
i0244s,Jordan Samuels-Thomas,LW,(N/A),false
i02g1n,Jordan Skellett,C,(N/A),false
i031q1,Jordan Subban,D,(N/A),false
i024dg,Jordan Szwarz,RW,(N/A),false
i045cn,Jordan Topping,LW,(N/A),false
i06bdv,Jordan Tourigny,D,MIN,false
i025gt,Jordan White,G,(N/A),false
i03bmj,Jordon Cooke,G,(N/A),false
i048xd,Jordy Bellerive,C,PHI,false
i042xh,Jordy Stallard,C,(N/A),false
i03rgf,Joren Van Pottelberghe,G,DET,false
i03d0k,Jorgen Karterud,LW,(N/A),false
i05yn6,Jorian Donovan,D,OTT,false
i005j2,Josef Hrabal,D,(N/A),false
i043vw,Josef Korenar,G,UTA,false
i060vk,Joseph Abate,LW,BOS,false
i03rh1,Joseph Cecconi,D,LAK,false
i071md,Joseph Costanzo,G,PHI,false
i02fni,Joseph Cramarossa,C,MIN,false
i04gml,Joseph Duszak,D,STL,false
i04al8,Joseph Gambardella,C,NJD,false
i05abk,Joseph Garreffa,LW,(N/A),false
i06c74,Joseph Henneberry,C,(N/A),false
i05y9w,Joseph Howe,G,(N/A),false
i01mm1,Joseph Palmer,G,CHI,false
i043j3,Joseph Raaymakers,G,(N/A),false
i06baa,Joseph Willis,C,NSH,false
i0597n,Josh Atkinson,D,(N/A),false
i0042d,Josh Beaulieu,RW,(N/A),false
i01mzd,Josh Birkholz,RW,(N/A),false
i05uf0,Josh Bloom,LW,(N/A),false
i01gk0,Josh Brittain,LW,(N/A),false
i04f12,Josh Brook,D,(N/A),false
i023w9,Josh Caron,D,(N/A),false
i03wl9,Josh Chapman,D,(N/A),false
i05979,Josh Couturier,D,PHI,false
i02y90,Josh Currie,C,OTT,false
i048tq,Josh Dickinson,C,COL,false
i05gry,Josh Dunne,C,WSH,false
i060jg,Josh Filmon,RW,NJD,false
i072yc,Josh Fleming,G,(N/A),false
i004jf,Josh Godfrey,D,(N/A),false
i04aob,Josh Healey,D,CHI,false
i0041r,Josh Hennessy,C,(N/A),false
i03ear,Josh Jacobs,D,MTL,false
i0597s,Josh Kestner,RW,(N/A),false
i05og9,Josh Lawrence,C,(N/A),false
i05rjk,Josh Lopina,C,FLA,false
i0239y,Josh Lunden,LW,(N/A),false
i05gde,Josh Maniscalco,D,CHI,false
i02odh,Josh McFadden,D,(N/A),false
i04z5k,Josh Melnick,RW,DAL,false
i023ol,Josh Meyers,D,(N/A),false
i04g1u,Josh Monk,D,(N/A),false
i0637w,Josh Nadeau,RW,MTL,false
i01zva,Josh Nicholls,RW,(N/A),false
i065gw,Josh Passolt,LW,(N/A),false
i05ufd,Josh Pillar,C,MIN,false
i048xs,Josh Pitt,LW,(N/A),false
i06h95,Josh Prokop,RW,UTA,false
i038ij,Josh Robinson,G,(N/A),false
i06qw6,Josh Samanski,C,EDM,false
i02fk8,Josh Shalla,LW,(N/A),false
i03g49,Josh Sterk,C,(N/A),false
i04xf1,Josh Teves,D,BUF,false
i04xa6,Josh Thrower,D,BOS,false
i0044s,Josh Tordjman,G,MIN,false
i02ye8,Josh Unice,G,(N/A),false
i03ebw,Josh Wesley,D,STL,false
i04ll7,Josh Wilkins,C,NSH,false
i059up,Josh Williams,RW,(N/A),false
i03all,Josh Winquist,LW,DET,false
i06pol,Josh Zakreski,LW,PHI,false
i05uaq,Joshua Barnes,C,(N/A),false
i0618d,Joshua Davies,LW,(N/A),false
i06kyp,Joshua Eernisse,RW,CBJ,false
i04f8y,Joshua Ess,D,CHI,false
i060ye,Joshua Fahrni,C,(N/A),false
i02yji,Joshua Ho-Sang,RW,TOR,false
i070dg,Joshua Kotai,G,NYI,false
i051v0,Joshua Nodler,C,(N/A),false
i06pww,Joshua Ravensbergen,G,SJS,false
i04znx,Joshua Roy,LW,UTA,false
i02g2d,Josiah Didier,D,DET,false
i04r16,Josiah Slavin,LW,CAR,false
i004ao,Jozef Balej,RW,(N/A),false
i051uw,Judd Caulfield,RW,ANA,false
i02oe1,Judd Peterson,C,(N/A),false
i06l4o,Juha Jaaska,LW,CAR,false
i03ajr,Juha Jarvenpaa,G,(N/A),false
i0642m,Juha Jatkola,G,NSH,false
i04duu,Juha Metsola,G,(N/A),false
i024d8,Juha Toivonen,G,(N/A),false
i04iwa,Juho Korhonen,D,(N/A),false
i05oj9,Juho Markkanen,G,LAK,false
i02ycg,Juho Olkinuora,G,(N/A),false
i0760u,Juho Piiparinen,D,VGK,false
i06miw,Jules Boilard,RW,(N/A),false
i04iw9,Julian Kislin,D,(N/A),false
i060nt,Julian Lutz,LW,UTA,false
i01zrq,Julian Melchiori,D,(N/A),false
i060qa,Julian Napravnik,RW,WSH,false
i0055k,Julian Talbot,C,(N/A),false
i065h0,Julien Anctil,C,DET,false
i02fss,Julien Brouillette,D,(N/A),false
i02435,Julien Demers,D,SJS,false
i004ay,Julien Ellis,G,(N/A),false
i03eel,Julien Nantel,C,(N/A),false
i03ec5,Julien Pelletier,LW,CBJ,false
i03kqh,Julio Billia,G,(N/A),false
i03eat,Julius Bergman,D,(N/A),false
i02yer,Julius Hudacek,G,(N/A),false
i04mer,Julius Junttila,LW,(N/A),false
i0440t,Julius Mattila,C,(N/A),false
i06mcu,Julius Miettinen,C,SEA,false
i03rfb,Julius Nattinen,C,(N/A),false
i06pn1,Julius Sumpf,C,CHI,false
i03edo,Julius Vahatalo,LW,DET,false
i05yk8,Juncheng Yan,F,(N/A),false
i01dr5,Juraj Mikus,D,(N/A),false
i01g15,Juraj Mikus,C,LAK,false
i06bnb,Juraj Pekarcik,LW,STL,false
i004bv,Juraj Simek,LW,BOS,false
i03l0r,Jussi Makkonen,C,(N/A),false
i01t7b,Jussi Rynnas,G,(N/A),false
i003ol,Jussi Timonen,D,(N/A),false
i06kr0,Justen Close,G,(N/A),false
i03l0v,Justin Almeida,C,(N/A),false
i031pp,Justin Auger,RW,(N/A),false
i01g16,Justin Azevedo,C,(N/A),false
i03kh2,Justin Baker,D,MTL,false
i04yjz,Justin Bergeron,D,(N/A),false
i01cwf,Justin Bernhardt,RW,(N/A),false
i06pyk,Justin Carbonneau,RW,STL,false
i06po1,Justin Cloutier,RW,PIT,false
i062lh,Justin Cote,C,(N/A),false
i03knw,Justin Courtnall,LW,(N/A),false
i01mny,Justin Daniels,C,SJS,false
i01cws,Justin DiBenedetto,C,(N/A),false
i04wwt,Justin Ducharme,RW,MTL,false
i05ueu,Justin Ertel,LW,DAL,false
i04md9,Justin Fazio,G,(N/A),false
i032i6,Justin Feser,LW,(N/A),false
i0048i,Justin Fletcher,D,(N/A),false
i01zse,Justin Florek,LW,(N/A),false
i066em,Justin Gill,C,NYI,false
i072jb,Justin Graf,LW,NSH,false
i0404u,Justin Gutierrez,C,LAK,false
i02oe5,Justin Hache,D,(N/A),false
i03wnq,Justin Hamonic,D,(N/A),false
i03c9g,Justin Hickman,RW,(N/A),false
i03el7,Justin Hodgman,C,(N/A),false
i05ub6,Justin Janicke,LW,SEA,false
i01n82,Justin Jokinen,RW,BUF,false
i02npy,Justin Kea,C,(N/A),false
i0048p,Justin Keller,LW,(N/A),false
i079g8,Justin Kerr,RW,NYI,false
i06c56,Justin Kipkie,D,MIN,false
i03eb7,Justin Kirkland,C,MIN,false
i03c6l,Justin Kloos,C,(N/A),false
i04ycv,Justin Kowalkoski,G,(N/A),false
i026kt,Justin Krueger,D,(N/A),false
i0725a,Justin Larose,LW,(N/A),false
i038k4,Justin Larson,LW,(N/A),false
i03wkv,Justin Lemcke,D,DET,false
i01fie,Justin Mercier,C,(N/A),false
i059ab,Justin Murray,D,NYI,false
i05x9i,Justin Nachbaur,LW,(N/A),false
i03cza,Justin Nichols,G,(N/A),false
i06gyb,Justin Pearson,LW,NJD,false
i004a6,Justin Pogge,G,(N/A),false
i06lkz,Justin Poirier,RW,CAR,false
i04zyv,Justin Richards,C,BUF,false
i05gdb,Justin Robidas,C,CAR,false
i04r0o,Justin Schutz,LW,FLA,false
i0406a,Justin Scott,C,COL,false
i0401d,Justin Selman,C,(N/A),false
i01zuu,Justin Shugg,RW,(N/A),false
i06oxw,Justin Solovey,LW,(N/A),false
i0055q,Justin Soryal,LW,(N/A),false
i03rmv,Justin Vaive,LW,(N/A),false
i04x9x,Justin Wade,D,CBJ,false
i027cu,Justin Weller,D,(N/A),false
i05rge,Justin Young,C,(N/A),false
i076wv,Juuso Ainasto,G,TOR,false
i04dut,Juuso Hietanen,D,(N/A),false
i0320q,Juuso Ikonen,RW,(N/A),false
i04rng,Juuso Ketola,D,(N/A),false
i05kud,Juuso Maenpaa,C,(N/A),false
i01n7r,Juuso Puustinen,RW,(N/A),false
i01uo4,Jyri Niemi,D,(N/A),false
i04l2j,Kaden Fulcher,G,DET,false
i06bup,Kaden Hammell,D,SEA,false
i06mr8,Kaden Pitre,C,TBL,false
i06cfz,Kaden Shahan,RW,(N/A),false
i06tyz,Kadon McCann,LW,CGY,false
i038mj,Kael Mouillierat,LW,(N/A),false
i06pvv,Kai Edmonds,G,(N/A),false
i03l0y,Kai Kantola,C,(N/A),false
i065g7,Kai Schwindt,LW,FLA,false
i060xd,Kai Uchacz,C,VGK,false
i061w6,Kai Wissmann,D,BOS,false
i06809,Kaidan Mbereko,G,TOR,false
i06axu,Kalan Lind,LW,NSH,false
i06sfw,Kale Dach,C,PIT,false
i04f7f,Kale Howarth,C,(N/A),false
i02frk,Kale Kessy,LW,TBL,false
i0642c,Kale McCallum,D,(N/A),false
i05xcx,Kaleb Lawrence,C,LAK,false
i05xcd,Kaleb Pearson,RW,DAL,false
i06c6v,Kalem Parker,D,MIN,false
i06cdx,Kalle Carlsson,C,(N/A),false
i05rhv,Kalle Eriksson,D,(N/A),false
i05uhe,Kalle Ervasti,D,(N/A),false
i06cll,Kalle Kangas,D,PIT,false
i03enc,Kalle Kossila,C,(N/A),false
i06rj0,Kalle Kratz,C,(N/A),false
i051w7,Kalle Loponen,D,TOR,false
i04geg,Kalle Miketinac,C,(N/A),false
i05uf3,Kalle Vaisanen,LW,BOS,false
i049dv,Kameron Kielly,RW,(N/A),false
i06mb5,Kamil Bednarik,C,NYI,false
i03rh0,Karch Bachman,LW,FLA,false
i05niw,Karel Klikorka,D,(N/A),false
i061kr,Karel Krepelka,D,(N/A),false
i04rzu,Karel Plasek,RW,(N/A),false
i05res,Kari Piiroinen,G,(N/A),false
i06tb2,Karl Annborn,D,SEA,false
i0042q,Karl Gagne,LW,(N/A),false
i050mp,Karl Henriksson,C,NYR,false
i0049a,Karl Stewart,LW,(N/A),false
i030c3,Karl Stollery,D,(N/A),false
i03rgy,Karlis Cukste,D,(N/A),false
i060o0,Karlis Mezsargs,G,(N/A),false
i04ccu,Karolus Kaarlehto,G,(N/A),false
i05lun,Karri Aho,D,(N/A),false
i06hxa,Karsen Dorwart,LW,(N/A),false
i06sn9,Kashawn Aitcheson,D,NYI,false
i03aew,Kasimir Kaskisuo,G,BOS,false
i042w0,Kasper Bjorkqvist,RW,PIT,false
i065pf,Kasper Halttunen,RW,OTT,false
i04f1b,Kasper Kotkansalo,D,DET,false
i04aj4,Kasper Krog,G,(N/A),false
i060nf,Kasper Kulonummi,D,NSH,false
i05uw5,Kasper Larsen,D,(N/A),false
i060xm,Kasper Lundell,C,(N/A),false
i06mcm,Kasper Pikkarainen,RW,NJD,false
i05ltp,Kasper Puutio,D,(N/A),false
i04yms,Kasper Simontaival,RW,(N/A),false
i03sbk,Kay Schweri,RW,(N/A),false
i076x0,Kayden Lemire,RW,MIN,false
i07a2s,Kayden Stroeder,F,(N/A),false
i0385s,Kayle Doetzel,D,CGY,false
i061jk,Keaton Dowhaniuk,D,(N/A),false
i042wv,Keaton Middleton,D,COL,false
i031p7,Keaton Thompson,D,NSH,false
i06r5z,Keaton Verhoeff,D,SJS,false
i051v3,Keean Washkurak,C,OTT,false
i03wlc,Keegan Asmundson,G,(N/A),false
i03ebo,Keegan Iverson,RW,LAK,false
i031or,Keegan Kanzig,D,(N/A),false
i04tjs,Keegan Karki,G,(N/A),false
i02fmg,Keegan Lowe,D,(N/A),false
i051xb,Keegan Stevenson,C,(N/A),false
i04z9m,Keeghan Howdeshell,LW,(N/A),false
i04amz,Keith Petruzzelli,G,PHI,false
i01g13,Keith Seabrook,D,(N/A),false
i02z0j,Kellan Lain,LW,(N/A),false
i01gau,Kellan Tochkin,RW,(N/A),false
i01zrs,Kellen Jones,LW,(N/A),false
i04xay,Kelly Klima,RW,(N/A),false
i03eea,Kelly Summers,D,OTT,false
i03knv,Kelly Zajac,RW,NJD,false
i01mki,Kelsey Tessier,C,COL,false
i003x9,Kelsey Wilson,LW,TOR,false
i03kpg,Ken Appleby,G,TOR,false
i003lv,Ken Roche,C,COL,false
i01zrn,Kendall McFaull,D,(N/A),false
i003ry,Kenndal McArdle,LW,(N/A),false
i039q7,Kenney Morrison,D,(N/A),false
i03yh6,Kenny Brooks,RW,(N/A),false
i062jw,Kenny Connors,C,LAK,false
i038hx,Kenny Reiter,G,(N/A),false
i01mnv,Kenny Ryan,RW,(N/A),false
i060pr,Kent Anderson,D,(N/A),false
i07a3r,Kent Greer,D,(N/A),false
i0243v,Kent Patterson,G,(N/A),false
i076x9,Kent Sauer,C,PHI,false
i01xfo,Kent Simpson,G,COL,false
i05u0i,Kenta Isogai,LW,LAK,false
i02odn,Kenton Helgesen,LW,(N/A),false
i03wmh,Keoni Texeira,D,(N/A),false
i02yjs,Kerby Rychel,LW,(N/A),false
i03ee6,Keven Bouchard,G,(N/A),false
i005i3,Keven Veilleux,C,UTA,false
i06cfj,Kevin Bicker,LW,DET,false
i03ycv,Kevin Boyle,G,(N/A),false
i048lg,Kevin Carr,G,(N/A),false
i02frd,Kevin Clark,RW,(N/A),false
i004ko,Kevin Cormier,LW,NJD,false
i03aou,Kevin Czuczman,D,MIN,false
i04xbl,Kevin Davis,D,COL,false
i04l7k,Kevin Dufour,LW,(N/A),false
i04d8v,Kevin Ekman-Larsson,D,(N/A),false
i03eee,Kevin Elgestal,RW,(N/A),false
i02ytv,Kevin Gagne,D,(N/A),false
i03wno,Kevin Gibson,D,(N/A),false
i02ycc,Kevin Goumas,C,(N/A),false
i04ffm,Kevin Hancock,LW,(N/A),false
i01mc9,Kevin Harvey,LW,(N/A),false
i06mbi,Kevin He,LW,WPG,false
i04xaz,Kevin Klima,LW,UTA,false
i004ml,Kevin Lalande,G,(N/A),false
i01mz6,Kevin Lynch,C,MTL,false
i04ld5,Kevin Mandolese,G,MTL,false
i00qrw,Kevin Marshall,D,(N/A),false
i01mln,Kevin Montgomery,D,(N/A),false
i003jg,Kevin Nastiuk,G,(N/A),false
i01mkb,Kevin Poulin,G,(N/A),false
i005j7,Kevin Quick,D,(N/A),false
i038n0,Kevin Raine,D,(N/A),false
i062lj,Kevin Reidler,G,OTT,false
i02nqn,Kevin Roy,LW,MTL,false
i01zqa,Kevin Sundher,C,PHI,false
i048tl,Kevin Tansey,D,(N/A),false
i051vo,Kevin Wall,RW,(N/A),false
i05oy9,Kienan Draper,RW,DET,false
i01n7o,Kieran Moon,C,PIT,false
i01n7n,Kieran Roman,LW,DAL,false
i051w9,Kieran Ruscheinski,D,MTL,false
i06tz9,Kieren Dervin,C,VAN,false
i06md8,Kieron Walton,LW,WPG,false
i051uf,Kim Nousiainen,D,(N/A),false
i05xwr,Kim Rosdahl,RW,(N/A),false
i06mba,Kim Saarinen,G,SEA,false
i060jh,Kirill Dolzhenkov,LW,CBJ,false
i05tpu,Kirill Gerasimyuk,G,FLA,false
i02ye2,Kirill Gotovets,D,(N/A),false
i01sks,Kirill Kabanov,LW,(N/A),false
i05tqo,Kirill Kirsanov,D,LAK,false
i061i9,Kirill Kudryavtsev,D,VAN,false
i0244z,Kirill Lyamin,D,(N/A),false
i04f7d,Kirill Maximov,RW,EDM,false
i04rni,Kirill Nizhnikov,RW,(N/A),false
i01d6b,Kirill Petrov,RW,(N/A),false
i03scv,Kirill Pilipenko,LW,(N/A),false
i04vf1,Kirill Semyonov,C,TOR,false
i0457e,Kirill Slepets,RW,TOR,false
i003n9,Kirill Starkov,C,CBJ,false
i05niy,Kirill Steklov,D,(N/A),false
i05ugw,Kirill Tankov,C,PIT,false
i0244y,Kirill Tulupov,D,(N/A),false
i051vx,Kirill Tyutyayev,LW,DET,false
i04ezz,Kirill Ustimenko,G,(N/A),false
i06tau,Kirill Yemelyanov,C,BOS,false
i06mhf,Kirill Zarubin,G,CGY,false
i01mnl,Kirk MacDonald,LW,BOS,false
i062sn,Klavs Veinbergs,LW,TBL,false
i061ji,Kocha Delic,C,(N/A),false
i04qy4,Kody Clark,RW,(N/A),false
i0644g,Koehn Ziemmer,RW,LAK,false
i065gf,Kohen Olischefski,RW,(N/A),false
i07a2o,Kohyn Eshkawkogan,D,(N/A),false
i04ap9,Kole Lind,RW,(N/A),false
i03rw0,Kole Sherwood,RW,NSH,false
i05xc7,Koletrane Wilson,D,CGY,false
i06buv,Konnor Smith,D,ANA,false
i01zrf,Konrad Abeltshauser,D,(N/A),false
i066q4,Konsta Helenius,C,BUF,false
i05wwc,Konsta Kapanen,LW,(N/A),false
i0243u,Konstantin Barulin,G,(N/A),false
i02446,Konstantin Glazachev,LW,(N/A),false
i03ln0,Konstantin Okulov,LW,(N/A),false
i003od,Konstantin Pushkarev,RW,PIT,false
i05xtf,Konstantin Shostak,G,(N/A),false
i06cuu,Konstantin Volchenko,D,(N/A),false
i042yk,Konstantin Volkov,G,NSH,false
i0483n,Kris Bennett,LW,(N/A),false
i003hp,Kris Chucko,RW,(N/A),false
i02786,Kris Foucault,LW,(N/A),false
i02ft7,Kris Fredheim,D,(N/A),false
i0440r,Kristaps Zile,D,(N/A),false
i031qa,Kristers Gudlevskis,G,(N/A),false
i06ce6,Kristers Steinbergs,G,(N/A),false
i06qfu,Kristian Epperson,LW,LAK,false
i06clm,Kristian Kostadinski,D,BOS,false
i04f8w,Kristian Marthinsen,LW,WSH,false
i03nss,Kristian Nakyva,D,(N/A),false
i03rio,Kristian Oldham,G,TBL,false
i03ynr,Kristian Pospisil,C,TOR,false
i0440l,Kristian Reichel,C,(N/A),false
i04si1,Kristian Tanus,C,(N/A),false
i0457c,Kristian Vesalainen,LW,WPG,false
i044tc,Kristians Rubins,D,CGY,false
i06hmy,Kristof Potocnik,LW,(N/A),false
i01gjv,Kristofer Berglund,D,STL,false
i04atv,Kristofers Bindulis,D,(N/A),false
i06qs9,Kristoffer Eberly,G,(N/A),false
i04f73,Kristoffer Gunnarsson,D,VAN,false
i04r66,Krystof Hrabik,C,(N/A),false
i06lv7,Krzysztof Macias,LW,(N/A),false
i06sn3,Kurban Limatov,D,CAR,false
i038sr,Kurt Etchegary,C,(N/A),false
i03bfl,Kurtis Mucha,G,(N/A),false
i059fq,Kyen Sopa,RW,(N/A),false
i05oxx,Kyle Aucoin,D,TBL,false
i04xbz,Kyle Bauman,C,(N/A),false
i03mot,Kyle Baun,RW,(N/A),false
i01586,Kyle Beach,LW,(N/A),false
i038of,Kyle Becker,D,(N/A),false
i02yeh,Kyle Bigos,D,SJS,false
i06ppo,Kyle Chyzowski,LW,TBL,false
i048w1,Kyle Criscuolo,C,NJD,false
i05luf,Kyle Crnkovic,LW,UTA,false
i02zgb,Kyle Gibbons,RW,(N/A),false
i0042v,Kyle Greentree,LW,(N/A),false
i0272t,Kyle Hagel,LW,CAR,false
i03rxl,Kyle Hayton,G,(N/A),false
i05y3l,Kyle Jackson,C,NYR,false
i02noc,Kyle Jean,LW,(N/A),false
i03ee9,Kyle Jenkins,D,CAR,false
i015qs,Kyle Jones,G,SJS,false
i066kv,Kyle Kelsey,G,(N/A),false
i04l8r,Kyle Keyser,G,SJS,false
i01uod,Kyle Klubertanz,D,(N/A),false
i05y3h,Kyle Konin,G,TBL,false
i05ufs,Kyle Kukkonen,RW,ANA,false
i01sr7,Kyle Lawson,D,(N/A),false
i06lo2,Kyle Looft,D,DAL,false
i03wkj,Kyle MacKinnon,C,(N/A),false
i043j4,Kyle Maksimovich,LW,(N/A),false
i065io,Kyle Marino,C,NSH,false
i05uf6,Kyle Masters,D,ANA,false
i06h6y,Kyle Mayhew,D,COL,false
i06iag,Kyle McClellan,G,MIN,false
i06alf,Kyle McDonald,RW,(N/A),false
i028e5,Kyle Medvec,D,(N/A),false
i023oq,Kyle Neuber,RW,TOR,false
i04f2e,Kyle Olson,RW,PIT,false
i03ede,Kyle Pettit,C,VAN,false
i031pi,Kyle Platzer,C,(N/A),false
i02fzk,Kyle Rau,C,MIN,false
i0056z,Kyle Rogers,RW,(N/A),false
i03edd,Kyle Schempp,C,(N/A),false
i05yfy,Kyle Shapiro,G,(N/A),false
i04r7e,Kyle Topping,C,(N/A),false
i004d0,Kyle Wilson,C,(N/A),false
i03ebn,Kyle Wood,D,(N/A),false
i06hrl,L.J. Mooney,C,MTL,false
i03lzf,Landon Bow,G,(N/A),false
i076ya,Landon Hafele,LW,WPG,false
i05oj7,Landon Kosior,D,(N/A),false
i06mj1,Landon Miller,G,DET,false
i076r7,Landon Nycz,D,STL,false
i062q7,Landon Sim,RW,TOR,false
i03cyx,Landon Smith,LW,(N/A),false
i023wp,Lane MacDermid,LW,(N/A),false
i048kw,Lane Scheidl,LW,TBL,false
i04f1h,Lane Zablocki,RW,DET,false
i06bng,Larry Keenan,D,DET,false
i03xl2,Larry Smith,D,(N/A),false
i040zt,Lars Johansson,G,(N/A),false
i06q37,Lars Steiner,RW,STL,false
i01zs5,Lars Volden,G,BOS,false
i06tmn,Lasse Boelius,D,ANA,false
i0733d,Lassi Lehti,G,(N/A),false
i04fpt,Lassi Lehtinen,G,(N/A),false
i04zoy,Lassi Thomson,D,(N/A),false
i04yb8,Lassi Vanhatalo,LW,(N/A),false
i04qzy,Lauri Pajuniemi,RW,NYR,false
i003tp,Lauri Tukonen,RW,(N/A),false
i05yjy,Lauris Darzins,RW,(N/A),false
i076jk,Lavr Gashilov,C,NJD,false
i04mmk,Lawrence Pilut,D,BUF,false
i072cr,Lawton Zacher,G,(N/A),false
i0770r,Layne Gallacher,C,NYI,false
i051tu,Layton Ahac,D,(N/A),false
i04zuh,Lean Bergmann,LW,(N/A),false
i01syw,Lee Baldwin,D,(N/A),false
i01zrh,Lee Moffie,D,COL,false
i03d0a,Lee Reimer,LW,(N/A),false
i04xla,Leevi Aaltonen,RW,NYR,false
i05oxl,Leevi Merilainen,G,VAN,false
i072hy,Leevi Tukiainen,RW,(N/A),false
i04rfd,Leif Mattson,RW,(N/A),false
i06cff,Leighton Carruthers,LW,(N/A),false
i003hx,Leland Irving,G,(N/A),false
i066qt,Lenni Hameenaho,RW,NJD,false
i04qz9,Lenni Killinen,RW,CAR,false
i060xi,Leo Gruba,D,(N/A),false
i05o6n,Leo Loof,D,STL,false
i05yje,Leo Pfoderl,RW,(N/A),false
i06lut,Leo Sahlin Wallenius,D,SJS,false
i03bxk,Leon Bristedt,LW,(N/A),false
i04f74,Leon Gawanke,D,(N/A),false
i06icv,Leon Muggli,D,WSH,false
i02697,Leonardo Genoni,G,(N/A),false
i0597o,Lester Lancaster,D,(N/A),false
i005gp,Levi Nelson,C,(N/A),false
i04z3w,Lewis Zerter-Gossage,RW,(N/A),false
i060om,Liam Arnsby,C,FLA,false
i03ecp,Liam Coughlin,C,(N/A),false
i05ttl,Liam Dower Nilsson,C,DET,false
i03rj8,Liam Dunda,LW,STL,false
i04zbw,Liam Finlay,RW,(N/A),false
i05oyu,Liam Folkes,C,CHI,false
i05u4g,Liam Gilmartin,LW,(N/A),false
i04r0u,Liam Gorman,C,CHI,false
i06hcy,Liam Greentree,RW,NYR,false
i04f1y,Liam Hawel,C,CBJ,false
i03mlt,Liam Herbst,G,(N/A),false
i06ydu,Liam Kilfoil,C,DET,false
i04r12,Liam Kirk,LW,UTA,false
i072u9,Liam Lefebvre,C,LAK,false
i02h1v,Liam Liston,G,(N/A),false
i072aw,Liam Malmquist,LW,(N/A),false
i06kwr,Liam McLinskey,RW,FLA,false
i0598i,Liam Pecararo,LW,FLA,false
i06xvw,Liam Pettersson,D,BOS,false
i074mg,Liam Ruck,RW,PIT,false
i06asy,Liam Souliere,G,(N/A),false
i060wt,Liam Steele,D,(N/A),false
i06sfv,Liam Valente,LW,BUF,false
i06c98,Liam Watkins,LW,(N/A),false
i03ysr,Libor Kasik,G,(N/A),false
i04dcz,Libor Sulak,D,(N/A),false
i04rnf,Libor Zabransky,D,(N/A),false
i05unl,Liekit Reichle,LW,(N/A),false
i06r3u,Linards Feldbergs,G,PIT,false
i076wz,Lincoln Kuehne,D,NYI,false
i03yej,Lino Martschini,RW,(N/A),false
i031oh,Linus Arnesson,D,(N/A),false
i065pg,Linus Brandl,C,(N/A),false
i06ll0,Linus Eriksson,C,FLA,false
i03rri,Linus Fernstrom,G,(N/A),false
i06tyu,Linus Funck,D,COL,false
i0637t,Linus Hemstrom,RW,(N/A),false
i042xs,Linus Hogberg,D,PHI,false
i03npg,Linus Hultstrom,D,(N/A),false
i01tkm,Linus Klasen,LW,(N/A),false
i04qzm,Linus Lindstrand Cronholm,D,(N/A),false
i042wq,Linus Lindstrom,C,CGY,false
i042wm,Linus Nassen,D,(N/A),false
i05r1x,Linus Nassen,C,(N/A),false
i04fh5,Linus Nyman,LW,(N/A),false
i05oyg,Linus Oberg,C,SJS,false
i03sda,Linus Olund,C,(N/A),false
i059x6,Linus Sandin,RW,PHI,false
i05uwt,Linus Sjodin,C,BUF,false
i03ebv,Linus Soderstrom,G,(N/A),false
i043f2,Linus Weissbach,RW,(N/A),false
i06uhb,Lirim Amidovski,RW,MIN,false
i05nxz,Lleyton Moore,D,UTA,false
i06je5,Lleyton Roed,LW,SEA,false
i04ldd,Logan Barlage,C,(N/A),false
i04f8k,Logan Cockerill,LW,(N/A),false
i04xbh,Logan Day,D,WSH,false
i06at0,Logan Dowhaniuk,D,(N/A),false
i065gd,Logan Flodell,G,OTT,false
i03eko,Logan Halladay,G,(N/A),false
i06pyi,Logan Hensler,D,OTT,false
i04nqz,Logan Hutsko,RW,FLA,false
i003pf,Logan Koopmans,G,(N/A),false
i00qs4,Logan MacMillan,LW,(N/A),false
i05nxv,Logan Morrison,C,SEA,false
i051uv,Logan Neaton,G,(N/A),false
i02o7u,Logan Nelson,C,NYR,false
i05x71,Logan Nijhoff,LW,MTL,false
i005io,Logan Pyett,D,(N/A),false
i06lo9,Logan Sawyer,LW,MTL,false
i05rl1,Logan Stein,G,(N/A),false
i0044m,Logan Stephenson,D,PHI,false
i076rj,Logan Stuart,C,WSH,false
i06687,Logan Terness,G,(N/A),false
i004kn,Loic Lacasse,G,(N/A),false
i02o77,Loic Leduc,D,(N/A),false
i06por,Loic Usereau,D,ANA,false
i03rw2,Loik Leveille,D,(N/A),false
i06miv,Loke Johansson,D,BOS,false
i06xxl,Loke Krantz,RW,SEA,false
i05u3e,Lorenzo Canonica,LW,(N/A),false
i03d0z,Louick Marcotte,RW,(N/A),false
i03ebk,Louie Belpedio,D,WSH,false
i01fx5,Louie Caporusso,C,(N/A),false
i05xw3,Louis Boudon,C,MIN,false
i01f5y,Louis Leblanc,C,(N/A),false
i02odo,Louis Nanne,LW,MIN,false
i06tal,Louis-Antoine Denault,G,FLA,false
i076x1,Louis-Felix Bourque,RW,OTT,false
i01zqh,Louis-Marc Aubry,C,(N/A),false
i032de,Louis-Philip Guindon,G,WSH,false
i06loo,Louka Cloutier,G,COL,false
i05x72,Louka Henault,D,TBL,false
i06pzf,Love Harenstam,G,STL,false
i05yht,Lubomir Kupco,LW,(N/A),false
i03sdc,Luc Deschenes,D,(N/A),false
i06ay2,Luca Cagnoni,D,SJS,false
i005ay,Luca Caputi,LW,(N/A),false
i02oz3,Luca Ciampini,LW,(N/A),false
i01gjt,Luca Cunti,C,TBL,false
i05ymk,Luca Del Bel Belluz,C,CBJ,false
i05tzs,Luca Fantilli,D,(N/A),false
i04m99,Luca Fazzini,LW,(N/A),false
i060pw,Luca Hauf,RW,(N/A),false
i05oxj,Luca Hollenstein,G,(N/A),false
i06mbg,Luca Marrelli,D,CBJ,false
i05uew,Luca Munzenberger,D,EDM,false
i06b7c,Luca Pinelli,C,CBJ,false
i06hmx,Luca Potocnik,LW,(N/A),false
i06sqb,Luca Romano,C,NYI,false
i07a2u,Luca Santala,C,(N/A),false
i076y6,Lucas Ambrosio,D,LAK,false
i06tan,Lucas Beckman,G,OTT,false
i05ug4,Lucas Ciona,LW,(N/A),false
i060vi,Lucas Condotta,C,MTL,false
i05y28,Lucas Edmonds,RW,(N/A),false
i04rzw,Lucas Ekestahl Jonsson,D,(N/A),false
i06loe,Lucas Ellinas,C,OTT,false
i04f6w,Lucas Elvenes,C,(N/A),false
i051uc,Lucas Feuk,LW,CGY,false
i05ubb,Lucas Forsell,LW,VAN,false
i03d27,Lucas Gore,G,(N/A),false
i042t6,Lucas Johansen,D,VGK,false
i06a5e,Lucas Lagerberg Hoen,D,(N/A),false
i02b6y,Lucas Lessio,LW,(N/A),false
i06c8z,Lucas Littlejohn,D,(N/A),false
i05nxx,Lucas Mercuri,C,TBL,false
i03knu,Lucas Peressini,G,(N/A),false
i06lof,Lucas Pettersson,C,ANA,false
i05ohg,Lucas Ramberg,D,(N/A),false
i059wj,Lucas Rheyneuclaudes,G,(N/A),false
i06c93,Lucas St-Louis,D,(N/A),false
i06mjf,Lucas Van Vliet,RW,VGK,false
i074mj,Lucas Wahlin,RW,WPG,false
i0760r,Lucian Bernat,RW,VAN,false
i003ys,Luciano Aquino,C,(N/A),false
i06b7f,Ludovic Waeber,G,(N/A),false
i051x7,Ludvig Hedstrom,D,(N/A),false
i03y53,Ludvig Hoff,C,(N/A),false
i060nh,Ludvig Jansson,D,FLA,false
i06mjg,Ludvig Johnson,D,UTA,false
i06mqe,Ludvig Lafton,D,UTA,false
i0598o,Ludvig Larsson,C,NJD,false
i05r9m,Ludvig Persson,G,(N/A),false
i01zsj,Ludvig Rensfeldt,LW,(N/A),false
i02g03,Ludwig Blomstrand,LW,(N/A),false
i02np5,Ludwig Bystrom,D,(N/A),false
i033b6,Ludwig Karlsson,RW,(N/A),false
i05riy,Ludwig Persson,C,WSH,false
i04ywq,Ludwig Stenlund,C,(N/A),false
i076yd,Luka Arkko,LW,DET,false
i04ld0,Luka Burzan,RW,COL,false
i03d05,Luka Gracnar,G,(N/A),false
i05xag,Luka Profaca,D,(N/A),false
i03mnv,Lukas Bengtsson,D,(N/A),false
i059dx,Lukas Cormier,D,VGK,false
i061za,Lukas Dragicevic,D,SEA,false
i06md5,Lukas Fischer,D,STL,false
i03p6v,Lukas Flueler,G,(N/A),false
i05uwu,Lukas Gustafsson,D,WPG,false
i03rj6,Lukas Jasek,RW,VAN,false
i07a2v,Lukas Kachlir,D,(N/A),false
i0046h,Lukas Kaspar,LW,PHI,false
i05xuc,Lukas Klok,D,UTA,false
i03rrm,Lukas Kozak,D,(N/A),false
i06c3w,Lukas Matecha,G,(N/A),false
i05u34,Lukas Pajer,RW,(N/A),false
i051tv,Lukas Parik,G,LAK,false
i061bg,Lukas Plos,C,(N/A),false
i04o4t,Lukas Radil,LW,(N/A),false
i051v8,Lukas Rousek,RW,BUF,false
i060q8,Lukas Sillinger,LW,(N/A),false
i02np1,Lukas Sutter,C,(N/A),false
i05lue,Lukas Svejkovsky,RW,(N/A),false
i060y7,Lukas Swedin,G,(N/A),false
i03rfz,Lukas Vejdemo,C,(N/A),false
i04amc,Lukas Wernblom,C,(N/A),false
i06mhr,Luke Ashton,D,CBJ,false
i005gy,Luke Beaverson,D,(N/A),false
i064wp,Luke Cavallin,G,BOS,false
i048w0,Luke Coleman,LW,DET,false
i06bne,Luke Coughlin,D,FLA,false
i062iq,Luke Devlin,C,PIT,false
i04l16,Luke Esposito,C,EDM,false
i06idb,Luke Grainger,RW,TOR,false
i042wf,Luke Green,D,WPG,false
i06kwu,Luke Haymes,C,TOR,false
i04qz3,Luke Henman,C,SEA,false
i031qk,Luke Johnson,C,(N/A),false
i03l0u,Luke Kirwan,LW,DET,false
i06awx,Luke Krys,D,DAL,false
i04l1p,Luke Kutkevicius,LW,DET,false
i02h1t,Luke Lockhart,C,(N/A),false
i04r17,Luke Loheit,RW,(N/A),false
i0457j,Luke Martin,D,NYR,false
i043o0,Luke McInnis,D,(N/A),false
i06c6r,Luke McNamara,C,(N/A),false
i06id8,Luke Misa,C,CGY,false
i06mco,Luke Mistelbacher,RW,OTT,false
i05u6d,Luke Mittelstadt,D,MTL,false
i01ztj,Luke Moffatt,C,COL,false
i03rii,Luke Opilka,G,(N/A),false
i06mbl,Luke Osburn,D,BUF,false
i05u4i,Luke Pavicich,G,(N/A),false
i03eq8,Luke Philp,C,WSH,false
i01spj,Luke Pither,C,(N/A),false
i05nfw,Luke Prokop,D,EDM,false
i05niv,Luke Reid,D,NJD,false
i06r64,Luke Schairer,D,STL,false
i02y8w,Luke Siemens,G,(N/A),false
i03rgu,Luke Stevens,LW,CAR,false
i049tj,Luke Toporowski,LW,(N/A),false
i05kbm,Luke Tuch,LW,CBJ,false
i06tay,Luke Vlooswyk,D,PHI,false
i01zv7,Luke Walker,RW,(N/A),false
i076yc,Luke Wilfley,C,NJD,false
i076xk,Luken Huff,D,SEA,false
i06lo3,Lynden Breen,C,WSH,false
i06snd,Lynden Lakovic,LW,WSH,false
i05rzz,Lynden McCallum,RW,(N/A),false
i01mzk,Mac Bennett,D,(N/A),false
i01zqf,Mac Carruth,G,(N/A),false
i06rle,Mac Gadowsky,D,(N/A),false
i04qzn,Mac Hollowell,D,PIT,false
i06lo4,Mac Swanson,LW,PIT,false
i04fpu,Macauley Carson,LW,(N/A),false
i06tmh,Mace'o Phillips,D,CGY,false
i01cf1,MacGregor Sharp,C,(N/A),false
i05ylc,Mack Guzda,G,(N/A),false
i07ad3,Mack Oliphant,D,(N/A),false
i03xl0,Mack Shields,G,(N/A),false
i03ee8,MacKenze Stewart,D,(N/A),false
i0484q,MacKenzie Braid,D,(N/A),false
i031so,Mackenzie Skapski,G,(N/A),false
i03ys9,Macoy Erkamps,D,(N/A),false
i06rnr,Maddox Dagenais,C,STL,false
i05ra7,Maddox Fleming,RW,(N/A),false
i06uad,Maddox Labre,D,TBL,false
i03czc,Mads Eller,LW,(N/A),false
i06spz,Mads Kongsbak Klyvo,LW,FLA,false
i04zb5,Mads Sogaard,G,TBL,false
i06q35,Mael Lavigne,LW,CGY,false
i04r0b,Magnus Chrona,G,(N/A),false
i02b3x,Magnus Hellberg,G,DAL,false
i02g1a,Magnus Nygren,D,(N/A),false
i06c57,Magomed Sharakanov,D,(N/A),false
i06l22,Makar Khanin,LW,MTL,false
i061ks,Maks Percic,D,(N/A),false
i05oym,Maksim Berezkin,RW,EDM,false
i013u4,Maksim Mayorov,RW,(N/A),false
i076cu,Maksim Sokolovskii,D,PHI,false
i048vh,Maksim Zhukov,G,TOR,false
i062ps,Maksymilian Szuber,D,MTL,false
i064n0,Malcolm Spence,LW,NYR,false
i076rm,Malcom Gastrin,LW,EDM,false
i071tt,Maleek McGowan,D,PIT,false
i075w6,Malte Gustafsson,D,NYI,false
i04f1x,Malte Setkov,D,DET,false
i03xs8,Malte Stromwall,RW,CAR,false
i06unf,Malte Vass,D,CBJ,false
i05ufh,Manix Landry,C,(N/A),false
i061bd,Mans Forsfjall,D,(N/A),false
i06tdo,Mans Goos,G,DAL,false
i076q5,Mans Gudmundsson,D,TOR,false
i03miy,Mantas Armalis,G,(N/A),false
i042y2,Manuel Wiederer,C,(N/A),false
i05y06,Marat Khairullin,RW,(N/A),false
i02698,Marc Cantin,D,(N/A),false
i01spx,Marc Cheverie,G,(N/A),false
i04rna,Marc Del Gaizo,D,NYR,false
i03rlr,Marc Hagel,RW,(N/A),false
i06cn9,Marc Johnstone,RW,TOR,false
i05u0p,Marc Lajoie,D,(N/A),false
i05rgi,Marc McLaughlin,C,NJD,false
i031sn,Marc McNulty,D,DET,false
i0507b,Marc Michaelis,LW,(N/A),false
i004p2,Marc-Andre Bernier,RW,EDM,false
i01d6d,Marc-Andre Bourdon,D,(N/A),false
i0618o,Marc-Andre Gaudet,D,STL,false
i024d7,Marc-Antoine Gelinas,G,(N/A),false
i0599e,Marc-Antoine Pepin,D,TOR,false
i04xbf,Marc-Olivier Crevier-Morin,D,NYR,false
i04l93,Marc-Olivier Duquette,D,(N/A),false
i031oe,Marc-Olivier Roy,C,VAN,false
i059q0,Marcel Barinka,C,(N/A),false
i05yjd,Marcel Brandt,D,(N/A),false
i0632d,Marcel Mahkovec,LW,(N/A),false
i060v6,Marcel Marcel,RW,(N/A),false
i01vvn,Marcel Mueller,C,(N/A),false
i029i9,Marcel Noebels,LW,(N/A),false
i067zy,Marcel Stefancik,C,(N/A),false
i061ls,Marco Costantini,G,(N/A),false
i01s6w,Marco Cousineau,G,(N/A),false
i06rmo,Marco Mignosa,RW,TBL,false
i04aiy,Marco Miranda,LW,(N/A),false
i05yjl,Marco Nowak,D,(N/A),false
i05td2,Marcus Almquist,RW,(N/A),false
i03ans,Marcus Basara,RW,(N/A),false
i04ma2,Marcus Bjork,D,CBJ,false
i02oz5,Marcus Bohman,D,(N/A),false
i03woi,Marcus Crawford,D,(N/A),false
i03yub,Marcus Davidsson,C,BUF,false
i06mcz,Marcus Gidlof,G,STL,false
i06kws,Marcus Hardegard,D,(N/A),false
i04q8d,Marcus Hogstrom,D,(N/A),false
i07anv,Marcus Joughin,LW,(N/A),false
i051m2,Marcus Kallionkieli,LW,(N/A),false
i04qyq,Marcus Karlberg,LW,CBJ,false
i031uu,Marcus Karlstrom,D,(N/A),false
i06mbh,Marcus Kearsey,D,CBJ,false
i065gx,Marcus Limpar-Lantz,C,(N/A),false
i038ld,Marcus McIvor,D,LAK,false
i061lw,Marcus Nguyen,RW,(N/A),false
i071wl,Marcus Nordmark,RW,ANA,false
i03afs,Marcus Power,C,TOR,false
i051yw,Marcus Sylvegard,RW,STL,false
i03rjm,Marcus Vela,C,SJS,false
i04r1h,Marcus Westfalt,C,PHI,false
i062dq,Marek Alscher,D,FLA,false
i02yeq,Marek Benda,G,(N/A),false
i05kke,Marek Berka,C,(N/A),false
i03o9j,Marek Daloga,D,(N/A),false
i061ts,Marek Hejduk,RW,(N/A),false
i06pu8,Marek Howell,D,COL,false
i02jz5,Marek Hrivik,LW,(N/A),false
i02odk,Marek Langhamer,G,(N/A),false
i02ob5,Marek Mazanec,G,(N/A),false
i00483,Marek Schwarz,G,(N/A),false
i076q6,Marek Sklenicka,G,PHI,false
i02fqc,Marek Tvrdon,RW,DET,false
i06mb2,Marek Vanacker,LW,CHI,false
i01uoo,Marek Viedensky,C,(N/A),false
i003hm,Marek Zagrapan,C,(N/A),false
i05rkw,Mareks Mitens,G,NJD,false
i0618j,Marian Mosko,D,(N/A),false
i04f7a,Marian Studenic,LW,(N/A),false
i05ux9,Marino Ramirez,G,(N/A),false
i004jo,Mario Bliznak,C,(N/A),false
i05yko,Mario Grman,D,(N/A),false
i03xh0,Mario Huber,RW,(N/A),false
i024dj,Mario Kempe,C,(N/A),false
i02b72,Mario Lucia,LW,(N/A),false
i03d0x,Mario Puskarich,LW,(N/A),false
i00496,Mario Scalzo,D,(N/A),false
i003nu,Marius Holtet,RW,(N/A),false
i02ye7,Mark Adams,D,(N/A),false
i01zu4,Mark Alt,D,SJS,false
i015qt,Mark Cundari,D,(N/A),false
i0058j,Mark Dekanich,G,PHI,false
i06h99,Mark Duarte,RW,(N/A),false
i004ls,Mark Flood,D,(N/A),false
i048kr,Mark Grametbauer,G,TBL,false
i05og7,Mark Hillier,LW,(N/A),false
i01cwt,Mark Katic,D,(N/A),false
i065fv,Mark Liwiski,LW,(N/A),false
i02jl4,Mark Louis,D,(N/A),false
i01zru,Mark MacMillan,RW,(N/A),false
i003h5,Mark Mancari,RW,(N/A),false
i004ky,Mark Matheson,D,(N/A),false
i02b3f,Mark McNeill,C,(N/A),false
i01cf2,Mark Mitera,D,(N/A),false
i0406g,Mark Naclerio,C,(N/A),false
i026t0,Mark Owuya,G,(N/A),false
i04l7g,Mark Rassell,C,(N/A),false
i04gec,Mark Rubinchik,D,(N/A),false
i0058i,Mark Santorelli,C,(N/A),false
i074ag,Mark Sever,LW,(N/A),false
i042yu,Mark Shoemaker,D,(N/A),false
i04l3x,Mark Simpson,C,(N/A),false
i030vi,Mark Van Guilder,C,(N/A),false
i01zs8,Mark Visentin,G,(N/A),false
i05xcu,Mark Woolley,D,(N/A),false
i02h2m,Mark Zengerle,C,(N/A),false
i05o6k,Marko Stacha,D,(N/A),false
i03wom,Markus Eisenschmid,C,(N/A),false
i02z9b,Markus Lauridsen,D,(N/A),false
i06mqs,Markus Loponen,C,WPG,false
i042w2,Markus Niemelainen,D,(N/A),false
i042yf,Markus Nurmi,RW,(N/A),false
i04f2a,Markus Phillips,D,LAK,false
i074mh,Markus Ruck,C,PIT,false
i03rix,Markus Ruusu,G,DAL,false
i031sk,Markus Soberg,RW,CBJ,false
i060xg,Markus Vidicek,C,(N/A),false
i060pn,Maros Jedlicka,C,COL,false
i065g8,Marshall Rifai,D,TOR,false
i04ajn,Marshall Warren,D,NYI,false
i04qg7,Martin Bakos,C,(N/A),false
i059e6,Martin Chromiak,LW,LAK,false
i02j0h,Martin Frechette,D,(N/A),false
i02fqe,Martin Gernat,D,(N/A),false
i00431,Martin Houle,G,(N/A),false
i051v1,Martin Hugo Has,D,WSH,false
i060wi,Martin Johnsen,C,(N/A),false
i04ote,Martin Kaut,RW,SJS,false
i03l0x,Martin Lefebvre,D,(N/A),false
i003rv,Martin Lojek,D,(N/A),false
i04136,Martin Lundberg,LW,(N/A),false
i06c90,Martin Matejicek,D,(N/A),false
i06be5,Martin Misiak,RW,CHI,false
i06ce1,Martin Neckar,G,(N/A),false
i01zsc,Martin Ouellette,G,BOS,false
i03jvy,Martin Prochazka,LW,(N/A),false
i076rc,Martin Psohlavec,G,PHI,false
i031q2,Martin Reway,LW,(N/A),false
i05u6c,Martin Rysavy,RW,CBJ,false
i05u3q,Martin Schreiber,D,(N/A),false
i003kw,Martin St. Pierre,C,(N/A),false
i003sd,Martin Tuma,D,(N/A),false
i02j0m,Martin Vagner,D,(N/A),false
i03rfi,Martins Dzierkals,LW,VGK,false
i003fv,Martins Karsums,RW,(N/A),false
i0637s,Martins Kruklitis,D,(N/A),false
i067zx,Martins Lavins,C,(N/A),false
i03l39,Marvin Cupper,G,(N/A),false
i003zj,Masi Marjamaki,LW,(N/A),false
i060xu,Mason Beaupit,G,SJS,false
i03m3n,Mason Bergh,LW,LAK,false
i031pf,Mason Geertsen,D,BUF,false
i04fwa,Mason Jobst,C,BUF,false
i0484r,Mason Kohn,C,(N/A),false
i05oxv,Mason Langenbrunner,D,BOS,false
i03ean,Mason McDonald,G,(N/A),false
i051u6,Mason Millman,D,EDM,false
i04as2,Mason Mitchell,LW,(N/A),false
i06sq4,Mason Moe,LW,NJD,false
i05985,Mason Morelli,LW,VGK,false
i051ut,Mason Primeau,C,(N/A),false
i05xd9,Mason Ward,D,(N/A),false
i06sqj,Mason West,RW,CHI,false
i051wh,Massimo Rizzo,C,(N/A),false
i03c9n,Mat Bodie,D,(N/A),false
i01f6i,Mat Clark,D,(N/A),false
i05yjn,Mat Robinson,D,(N/A),false
i04mug,Mat Robson,G,BUF,false
i050mm,Matej Blumel,RW,(N/A),false
i05k6z,Matej Chalupa,LW,CHI,false
i05x9o,Matej Kaslik,LW,(N/A),false
i02y8x,Matej Machovsky,G,(N/A),false
i06yym,Matej Marinov,G,(N/A),false
i06iak,Matej Mastalirsky,C,(N/A),false
i031qy,Matej Paulovic,LW,DAL,false
i04qz1,Matej Pekar,C,(N/A),false
i060px,Matej Pinkas,D,(N/A),false
i02fzl,Matej Stransky,RW,(N/A),false
i04r67,Matej Svoboda,LW,(N/A),false
i03p28,Matej Tomek,G,(N/A),false
i06tmv,Mateo Nobert,C,VGK,false
i03ebm,Matheson Iacopelli,RW,(N/A),false
i038lg,Mathew Campagna,C,(N/A),false
i051vt,Mathew Hill,D,(N/A),false
i04xpb,Mathew Maione,D,(N/A),false
i03z96,Mathew Santos,RW,(N/A),false
i061i3,Mathew Ward,C,(N/A),false
i04l3t,Mathias Bau,LW,(N/A),false
i04z6f,Mathias Brome,LW,(N/A),false
i04r0l,Mathias Emilio Pettersen,C,DAL,false
i042xw,Mathias From,LW,CHI,false
i03d04,Mathias Israelsson,G,(N/A),false
i04r0n,Mathias Laferriere,C,PIT,false
i02yxa,Mathias Niederberger,G,LAK,false
i004kk,Mathieu Aubin,C,(N/A),false
i0597q,Mathieu Bizier,C,(N/A),false
i02ytu,Mathieu Brisebois,D,(N/A),false
i01met,Mathieu Brodeur,D,STL,false
i003v4,Mathieu Carle,D,(N/A),false
i06jhi,Mathieu Caron,G,(N/A),false
i06be2,Mathieu Cataford,C,VGK,false
i048w5,Mathieu Coderre-Gagnon,LW,MTL,false
i01zsb,Mathieu Corbeil,G,VAN,false
i05o4i,Mathieu De St. Phalle,RW,PIT,false
i04am8,Mathieu Henderson,D,(N/A),false
i003qu,Mathieu Roy,D,(N/A),false
i01szz,Mathieu Tousignant,C,CGY,false
i06tag,Mathis Langevin,G,COL,false
i01uxa,Mathis Olimb,C,(N/A),false
i06lol,Mathis Preston,C,ANA,false
i06aex,Mathis Rousseau,G,(N/A),false
i02nqo,Matia Marcantuoni,C,(N/A),false
i04a5y,Matias Cleland,D,TOR,false
i05ykg,Matias Lassen,D,(N/A),false
i051vs,Matias Mantykivi,C,BOS,false
i05oy7,Matias Rajaniemi,D,(N/A),false
i06ydv,Matias Vanhanen,LW,NJD,false
i06xwf,Matous Kucharcik,C,BUF,false
i05yn0,Mats Lindgren,D,(N/A),false
i05907,Matt Abt,D,PIT,false
i065il,Matt Alfaro,C,VAN,false
i07940,Matt Anderson,D,TOR,false
i032dc,Matt Bailey,C,(N/A),false
i06qdt,Matt Basgall,D,ANA,false
i01mk8,Matt Beaudoin,RW,(N/A),false
i04f8a,Matt Brassard,D,(N/A),false
i05akm,Matt Brown,LW,PHI,false
i031pk,Matt Buckles,C,(N/A),false
i026ju,Matt Campanale,D,(N/A),false
i03aeu,Matt Carey,C,(N/A),false
i05nfx,Matt Choupani,C,(N/A),false
i0055h,Matt Clackson,LW,(N/A),false
i06cf6,Matt Copponi,C,EDM,false
i05xp1,Matt Crasa,C,(N/A),false
i01cxj,Matt Dalton,G,(N/A),false
i06lky,Matt Davis,G,SJS,false
i05o62,Matt Demelis,LW,(N/A),false
i003wb,Matt Ellison,RW,(N/A),false
i02noy,Matt Finn,D,(N/A),false
i04xcd,Matt Fonteyne,LW,(N/A),false
i003u6,Matt Foy,RW,(N/A),false
i03nql,Matt Garbowsky,C,(N/A),false
i01cfm,Matt Generous,D,(N/A),false
i03wlz,Matt Ginn,G,(N/A),false
i01meq,Matt Hackett,G,(N/A),false
i03ko4,Matt Hatch,RW,PHI,false
i049nk,Matt Hewitt,G,(N/A),false
i0056u,Matt Jones,RW,(N/A),false
i03to5,Matt Jurusik,G,(N/A),false
i003hz,Matt Keetley,G,(N/A),false
i004j6,Matt Keith,RW,CGY,false
i01n7v,Matt Kennedy,RW,(N/A),false
i05gsr,Matt Kiersted,D,MIN,false
i02g28,Matt Killian,D,(N/A),false
i06mr5,Matt Lahey,D,TOR,false
i03d0s,Matt Lane,LW,(N/A),false
i0315k,Matt Leitner,RW,(N/A),false
i03sd6,Matt Lorito,LW,(N/A),false
i01mes,Matt Maccarone,LW,NYR,false
i01ztv,Matt MacKenzie,D,(N/A),false
i061i6,Matt Maggio,RW,(N/A),false
i02fmh,Matt Mahalak,G,(N/A),false
i02j3s,Matt Mangene,C,(N/A),false
i04kyp,Matt Marcinew,RW,CGY,false
i005im,Matt Marquardt,LW,(N/A),false
i029jc,Matt McNeely,G,(N/A),false
i03cax,Matt Murphy,D,(N/A),false
i003o7,Matt Nickerson,D,(N/A),false
i03ajq,Matt O'Connor,G,(N/A),false
i06awe,Matt Onuska,G,TOR,false
i003ic,Matt Pelech,RW,(N/A),false
i038k9,Matt Petgrave,D,VAN,false
i01djs,Matt Pistilli,RW,(N/A),false
i01f09,Matt Pope,RW,(N/A),false
i03wlb,Matt Prapavessis,D,(N/A),false
i06ai0,Matt Radomsky,G,CGY,false
i04xbk,Matt Register,D,(N/A),false
i038mx,Matt Rupert,LW,TOR,false
i01wsz,Matt Rust,C,CBJ,false
i003tk,Matt Ryan,C,(N/A),false
i03rh2,Matt Schmalz,RW,LAK,false
i00tnx,Matt Siddall,RW,(N/A),false
i03rex,Matt Spencer,D,(N/A),false
i004ni,Matt Stefanishion,RW,(N/A),false
i01mnp,Matt Stephenson,D,DAL,false
i01s7q,Matt Taormina,D,(N/A),false
i03el3,Matt Tassone,LW,DAL,false
i02odx,Matt Tomkins,G,EDM,false
i03eed,Matt Ustaski,C,(N/A),false
i06asz,Matt Vernon,G,(N/A),false
i01mji,Matt Watkins,RW,(N/A),false
i04845,Matt White,LW,(N/A),false
i03o0g,Matt Willows,RW,SJS,false
i05o2s,Matteo Costantini,C,BUF,false
i06bdj,Matteo Fabrizi,D,(N/A),false
i03rjy,Matteo Gennaro,C,EDM,false
i06ce5,Matteo Giampa,RW,(N/A),false
i06c4b,Matteo Mann,D,PHI,false
i06hk6,Matteus Ward,G,(N/A),false
i03yfk,Matthew Alvaro,LW,(N/A),false
i06cec,Matthew Andonovski,D,OTT,false
i02oe4,Matthew Beattie,LW,VAN,false
i068y7,Matthew Berlin,G,(N/A),false
i03wkh,Matthew Berry,RW,(N/A),false
i045ck,Matthew Boucher,LW,(N/A),false
i03rgz,Matthew Bradley,C,TOR,false
i042wj,Matthew Cairns,D,BUF,false
i039p6,Matthew Caito,D,(N/A),false
i003xl,Matthew Corrente,D,(N/A),false
i02odm,Matthew Deblouw,C,CGY,false
i072c2,Matthew DiMarsico,C,COL,false
i042w5,Matthew Filipe,C,PIT,false
i02ft9,Matthew Ford,RW,(N/A),false
i04mmn,Matthew Galajda,G,(N/A),false
i06sq2,Matthew Gard,LW,PHI,false
i05no5,Matthew Gleason,C,(N/A),false
i05xc5,Matthew Greenfield,G,CGY,false
i04f8x,Matthew Hellickson,D,TOR,false
i078c7,Matthew Humphries,G,DAL,false
i04ffv,Matthew Kellenberger,D,(N/A),false
i02j3t,Matthew Konan,D,(N/A),false
i05r00,Matthew Kopperud,LW,(N/A),false
i06tyv,Matthew Lansing,C,VAN,false
i04xao,Matthew MacDougall,LW,TBL,false
i03klw,Matthew Mancina,G,DET,false
i06b7d,Matthew Mania,D,LAK,false
i06c53,Matthew Mayich,D,STL,false
i072g1,Matthew Minchak,G,VGK,false
i03ee0,Matthew Mistele,LW,LAK,false
i062oa,Matthew Morden,D,UTA,false
i04lok,Matthew Murray,G,NSH,false
i061i7,Matthew Perkins,C,VAN,false
i04iwb,Matthew Philip,C,(N/A),false
i042yi,Matthew Phillips,C,ANA,false
i05ymq,Matthew Poitras,C,BOS,false
i060jf,Matthew Seminoff,RW,DAL,false
i06hxb,Matthew Sop,LW,MIN,false
i06bdt,Matthew Soto,RW,(N/A),false
i003zx,Matthew Spiller,D,(N/A),false
i051tk,Matthew Stienburg,C,VAN,false
i048x2,Matthew Strome,LW,WSH,false
i04rff,Matthew Struthers,C,(N/A),false
i04r15,Matthew Thiessen,G,(N/A),false
i04cw8,Matthew Timms,D,(N/A),false
i04f1c,Matthew Villalta,G,BUF,false
i051w3,Matthew Wedman,LW,OTT,false
i04xat,Matthew Weis,C,WSH,false
i03ang,Matthew Zay,C,OTT,false
i05ykh,Matthias Asperup,LW,(N/A),false
i03pay,Matthias Plachta,C,(N/A),false
i02fzc,Mattias Backman,D,(N/A),false
i0430j,Mattias Elfstrom,LW,DET,false
i04aog,Mattias Goransson,D,(N/A),false
i05ww9,Mattias Havelid,D,SJS,false
i004jj,Mattias Karlsson,D,(N/A),false
i01mzo,Mattias Lindstrom,LW,(N/A),false
i01uoe,Mattias Modig,G,(N/A),false
i04zoq,Mattias Norlinder,D,(N/A),false
i003pt,Mattias Ritola,C,TBL,false
i066pm,Mattias Sholl,G,LAK,false
i027c9,Mattias Sjogren,C,(N/A),false
i05uxi,Matvei Averochkin,C,(N/A),false
i05uar,Matvei Bannikov,RW,(N/A),false
i04zj6,Matvei Belianini,LW,(N/A),false
i06mb0,Matvei Gridin,RW,CGY,false
i06mcs,Matvei Korotky,C,STL,false
i07693,Matvei Kotkov,RW,BOS,false
i05u3p,Matvei Nadvorny,LW,(N/A),false
i076y0,Matvei Nikonovich,G,PIT,false
i05r2i,Matvei Petrov,LW,(N/A),false
i071t2,Matvei Polyakov,RW,(N/A),false
i06md3,Matvei Shuravin,D,FLA,false
i04xl9,Matvey Guskov,C,MIN,false
i06kr4,Matyas Kantner,LW,(N/A),false
i06cfd,Matyas Melovsky,C,NJD,false
i05yml,Matyas Sapovaliv,C,VGK,false
i01zt3,Mauro Jorg,RW,NJD,false
i05ymn,Maveric Lamoureux,D,UTA,false
i06h9l,Max Andreev,C,(N/A),false
i01n7g,Max Campbell,C,NYR,false
i068yy,Max Donoso,G,(N/A),false
i05y53,Max Ellis,RW,(N/A),false
i02g27,Max Everson,D,(N/A),false
i03npf,Max French,C,(N/A),false
i02eg4,Max Friberg,RW,(N/A),false
i01zve,Max Gaede,RW,SJS,false
i01zqo,Max Gardiner,C,STL,false
i03w5n,Max Gildon,D,FLA,false
i02oaz,Max Gortz,RW,(N/A),false
i0598j,Max Gottlieb,D,LAK,false
i06mqo,Max Graham,C,PIT,false
i01n7z,Max Gratchev,LW,NYI,false
i06xy1,Max Heise,C,SJS,false
i06y1z,Max Hildebrand,G,(N/A),false
i03d0r,Max Iafrate,D,(N/A),false
i04zgw,Max Johnson,C,(N/A),false
i076jg,Max Laatikainen,D,PHI,false
i06c52,Max Lundgren,G,BOS,false
i05xae,Max Martin,D,DAL,false
i0793z,Max McCue,LW,CBJ,false
i063vm,Max Namestnikov,C,(N/A),false
i01n7h,Max Nicastro,D,(N/A),false
i048y8,Max Novak,RW,(N/A),false
i04rdt,Max Paddock,G,(N/A),false
i06jha,Max Plante,C,DET,false
i06spy,Max Psenicka,D,UTA,false
i01zqc,Max Reinhart,C,(N/A),false
i01mnm,Max Sauve,C,(N/A),false
i07ad4,Max Smolinski,D,(N/A),false
i06sdn,Max Vayrynen,G,(N/A),false
i04m5f,Max Veronneau,RW,SJS,false
i076xx,Max Vilen,D,TBL,false
i04zp0,Max Wahlgren,C,(N/A),false
i05ugf,Max Wanner,D,(N/A),false
i06tzg,Max Westergard,LW,PHI,false
i05x1c,Max Willman,C,NJD,false
i042wy,Max Zimmer,LW,CAR,false
i051vu,Maxence Guenette,D,BOS,false
i06sq3,Maxim Agafonov,D,SEA,false
i05ybi,Maxim Andreyev,LW,(N/A),false
i060nz,Maxim Arefyev,G,(N/A),false
i060ww,Maxim Barbashev,LW,UTA,false
i04xp9,Maxim Cajkovic,RW,(N/A),false
i01ztt,Maxim Chudinov,D,BOS,false
i051w0,Maxim Denezhkin,C,EDM,false
i06688,Maxim Dorozhko,G,(N/A),false
i0662j,Maxim Fedotov,D,(N/A),false
i04xbj,Maxim Golod,LW,CHI,false
i01d6a,Maxim Goncharov,D,(N/A),false
i05kjb,Maxim Groshev,LW,TBL,false
i03koi,Maxim Karpov,RW,(N/A),false
i03wqm,Maxim Kazakov,LW,(N/A),false
i01zuv,Maxim Kitsyn,LW,(N/A),false
i003df,Maxim Kondratiev,D,NYR,false
i05oie,Maxim Krovyakov,RW,(N/A),false
i030x4,Maxim Lamarche,D,MTL,false
i03yf6,Maxim Lazarev,RW,(N/A),false
i03eay,Maxim Letunov,C,(N/A),false
i05oyl,Maxim Marushev,C,(N/A),false
i06cug,Maxim Masse,RW,ANA,false
i0622q,Maxim Mayorov,G,DAL,false
i05uw1,Maxim Motorygin,G,(N/A),false
i05ank,Maxim Musorov,RW,(N/A),false
i015tc,Maxim Noreau,D,(N/A),false
i06xv6,Maxim Schafer,LW,WSH,false
i06imq,Maxim Shabanov,RW,MIN,false
i02bhy,Maxim Shalunov,RW,(N/A),false
i06avq,Maxim Sorkin,C,(N/A),false
i06byf,Maxim Strbak,D,BUF,false
i04f22,Maxim Sushko,RW,(N/A),false
i0598s,Maxim Trepanier,LW,(N/A),false
i03asc,Maxim Tretiak,G,(N/A),false
i01gjr,Maxim Trunev,LW,MTL,false
i06cea,Maxim Vehovsky,RW,(N/A),false
i01zs0,Maxime Clermont,G,(N/A),false
i043f3,Maxime Fortier,RW,(N/A),false
i004b0,Maxime Fortunus,D,(N/A),false
i03d82,Maxime Gravel,D,(N/A),false
i02oxu,Maxime Lagace,G,(N/A),false
i038tn,Maxime Langelier-Parent,LW,TBL,false
i003dj,Maxime Macenauer,C,(N/A),false
i02443,Maxime Tanguay,C,CHI,false
i05nfz,Maximilian Glotzl,D,(N/A),false
i04ov3,Maximilian Kammerer,C,(N/A),false
i061bi,Maximilian Kilpinen,C,DET,false
i03edw,Maximilian Pajpach,G,(N/A),false
i06mb3,Maxmilian Curran,C,CGY,false
i06xxz,Maxon Vig,D,MTL,false
i051ug,Maxwell Crozier,D,TBL,false
i03wm0,Maxwell James,LW,UTA,false
i01n7q,Maxwell Tardy,C,STL,false
i06ba9,Mazden Leslie,D,VGK,false
i051we,McKade Webster,LW,TBL,false
i04az0,Medric Mercier,D,(N/A),false
i06ckz,Melker Thelin,G,UTA,false
i06mch,Melvin Fernstrom,RW,PIT,false
i06tap,Melvin Novotny,LW,BUF,false
i03etc,Melvin Nyffeler,G,(N/A),false
i06clp,Melvin Strahl,G,CBJ,false
i06c49,Melvin Wersall,RW,(N/A),false
i031sh,Merrick Madsen,G,(N/A),false
i04rdx,Merrick Rippon,D,(N/A),false
i061vx,Micah Berger,LW,(N/A),false
i03n2k,Michael Bitzer,G,(N/A),false
i066on,Michael Brandsegg-Nygard,RW,DET,false
i031qr,Michael Brodzinski,D,(N/A),false
i05yn3,Michael Buchinger,D,STL,false
i06cdw,Michael Burchill,RW,(N/A),false
i015je,Michael Busto,D,(N/A),false
i04r05,Michael Callahan,D,TBL,false
i062n3,Michael Callow,RW,ANA,false
i005in,Michael Caruso,D,(N/A),false
i03kut,Michael Cichy,C,(N/A),false
i05r2s,Michael Citara,RW,(N/A),false
i02o7t,Michael Clarke,C,COL,false
i06cko,Michael DeAngelo,LW,(N/A),false
i03y7l,Michael DiPietro,G,BOS,false
i031pj,Michael Downing,D,(N/A),false
i06c9f,Michael Emerson,RW,CAR,false
i060j9,Michael Fisher,D,SJS,false
i03rw3,Michael Fora,D,(N/A),false
i003gu,Michael Funk,D,(N/A),false
i03ycw,Michael Garteig,G,(N/A),false
i051x1,Michael Gildon,LW,(N/A),false
i064om,Michael Hage,C,MTL,false
i06bun,Michael Hagens,D,NYI,false
i03oyu,Michael Herringer,G,(N/A),false
i06hwd,Michael Horth,LW,(N/A),false
i02gvl,Michael Houser,G,(N/A),false
i0644l,Michael Hrabal,G,UTA,false
i03k82,Michael Joly,RW,COL,false
i062z2,Michael Joyaux,D,(N/A),false
i02zq8,Michael Kantor,RW,(N/A),false
i03rrj,Michael Kapla,D,(N/A),false
i04f6v,Michael Karow,D,DAL,false
i03ank,Michael Keranen,LW,(N/A),false
i04nfh,Michael Kim,D,WSH,false
i051ux,Michael Koster,D,MIN,false
i05o6q,Michael Krutil,D,(N/A),false
i060v3,Michael La Starza,LW,(N/A),false
i04lk9,Michael Lindqvist,C,(N/A),false
i060v4,Michael Mastrodomenico,D,(N/A),false
i06pop,Michael McIvor,G,ANA,false
i02o81,Michael McKee,D,(N/A),false
i03ry7,Michael McNiven,G,MTL,false
i02u4b,Michael Mersch,LW,BUF,false
i061im,Michael Misa,C,SJS,false
i0385t,Michael Moffat,D,(N/A),false
i01mno,Michael Neal,LW,(N/A),false
i0746f,Michael Neumeier,D,(N/A),false
i05gyg,Michael O'Leary,LW,MIN,false
i02g1e,Michael Paliotta,D,NJD,false
i01zv5,Michael Parks,RW,(N/A),false
i03w5o,Michael Pastujov,LW,(N/A),false
i03ec3,Michael Prapavessis,D,(N/A),false
i0057m,Michael Ratchuk,D,(N/A),false
i065ij,Michael Regush,RW,VAN,false
i05raf,Michael Schnattinger,G,(N/A),false
i02es2,Michael Schumacher,LW,(N/A),false
i02z0i,Michael Sdao,D,(N/A),false
i066ra,Michael Simpson,G,FLA,false
i03rgd,Michael Spacek,C,(N/A),false
i02eg5,Michael St. Croix,C,(N/A),false
i07afn,Michael Suda,D,NYR,false
i004kd,Michael Vernace,D,(N/A),false
i05o4o,Michael Vorlicky,D,(N/A),false
i051tt,Michael Vukojevic,D,(N/A),false
i003m5,Michael Wall,G,COL,false
i02ydy,Michael Ward,D,(N/A),false
i048xv,Michael Webster,D,PIT,false
i03brq,Michael Zalewski,LW,(N/A),false
i0055i,Michael-Lee Teslak,G,(N/A),false
i004jb,Michal Birner,LW,(N/A),false
i038k8,Michal Cajkovsky,D,CAR,false
i05ycr,Michal Gut,C,(N/A),false
i024da,Michal Hlinka,LW,(N/A),false
i04r7f,Michal Ivan,D,(N/A),false
i07a3q,Michal Jakubec,F,(N/A),false
i06t3o,Michal Kunc,LW,(N/A),false
i04rdu,Michal Kvasnica,LW,(N/A),false
i04oux,Michal Moravcik,D,(N/A),false
i070gy,Michal Orsulak,G,DET,false
i038ss,Michal Plutnar,D,DET,false
i06s4g,Michal Postava,G,DET,false
i06tam,Michal Pradel,G,DET,false
i06sq0,Michal Svrcek,LW,DET,false
i04znz,Michal Teply,LW,(N/A),false
i03ed1,Miguel Fidler,LW,(N/A),false
i06luz,Miguel Marques,RW,NSH,false
i05uw6,Miguel Tourigny,D,MTL,false
i06hmw,Miha Potocnik,D,(N/A),false
i024dd,Mihail Pashnin,D,NYR,false
i03d55,Miika Roine,C,(N/A),false
i03i2g,Miikka Pitkanen,C,(N/A),false
i03yfl,Mika Niemi,C,(N/A),false
i02ug2,Mika Partanen,LW,(N/A),false
i05x6z,Mikael Diotte,D,NJD,false
i065au,Mikael Huchette,C,(N/A),false
i01dlo,Mikael Johansson,C,(N/A),false
i061m8,Mikael Seppala,D,(N/A),false
i0381u,Mikael Tam,D,COL,false
i02odu,Mikael Wikstrand,D,(N/A),false
i004lp,Mike Angelidis,LW,CGY,false
i03kh8,Mike Aviani,C,TBL,false
i05ku9,Mike Benning,D,CGY,false
i02yho,Mike Boivin,D,(N/A),false
i03yki,Mike Borkowski,LW,DET,false
i005b1,Mike Brennan,D,COL,false
i003gr,Mike Card,D,(N/A),false
i01sx0,Mike Carman,C,(N/A),false
i024d3,Mike Connolly,LW,(N/A),false
i04xcm,Mike Cornell,D,NYI,false
i05976,Mike Cyr,C,(N/A),false
i038tb,Mike Dalhuisen,D,(N/A),false
i03kig,Mike DiPaolo,RW,SJS,false
i048zk,Mike Donnellan,D,(N/A),false
i003rk,Mike Duco,RW,(N/A),false
i0048h,Mike Egener,D,(N/A),false
i02i5q,Mike Halmo,LW,(N/A),false
i05gzz,Mike Hardman,RW,NJD,false
i038ii,Mike Hedden,LW,(N/A),false
i01n7p,Mike Hoeffel,LW,(N/A),false
i038tc,Mike Keenan,D,(N/A),false
i01gji,Mike Lee,G,(N/A),false
i05gb9,Mike Lee,D,(N/A),false
i0385r,Mike Liambas,LW,(N/A),false
i03knj,Mike Little,D,(N/A),false
i048td,Mike McMurtry,C,(N/A),false
i00581,Mike Moore,D,(N/A),false
i004nm,Mike Morris,RW,(N/A),false
i01c9n,Mike Murphy,G,(N/A),false
i03rfy,Mike Robinson,G,SJS,false
i026jt,Mike Sislo,RW,(N/A),false
i025if,Mike Swift,C,(N/A),false
i01swz,Mike Testwuide,RW,(N/A),false
i03lrb,Mike Vecchione,C,WSH,false
i031st,Mike Williamson,D,VAN,false
i02npf,Mike Winther,C,DAL,false
i06pkj,Mikey Berchild,LW,CAR,false
i05uby,Mikey Milne,LW,(N/A),false
i04zr6,Mikhail Abramov,C,STL,false
i042y9,Mikhail Berdin,G,(N/A),false
i04rfi,Mikhail Bitsadze,LW,(N/A),false
i076y1,Mikhail Cherepanov,D,DAL,false
i06xxg,Mikhail Fyodorov,RW,STL,false
i048yb,Mikhail Grigoryev,D,(N/A),false
i05yfk,Mikhail Gulyayev,D,COL,false
i06clb,Mikhail Ilyin,RW,PIT,false
i042ww,Mikhail Maltsev,LW,LAK,false
i03e1t,Mikhail Naumenkov,D,(N/A),false
i03rga,Mikhail S. Vorobyov,C,(N/A),false
i04rn7,Mikhail Shalagin,LW,TBL,false
i03wqh,Mikhail Sidorov,D,(N/A),false
i01d94,Mikhail Stefanovich,C,(N/A),false
i06lom,Mikhail Yegorov,G,NJD,false
i03kq8,Mikkel Aagaard,C,(N/A),false
i06tas,Mikkel Eriksen,C,NYR,false
i04ln0,Mikko Kokkonen,D,TOR,false
i004kf,Mikko Lehtonen,RW,(N/A),false
i03etb,Mikko Lehtonen,D,CBJ,false
i003mq,Mikko Maenpaa,D,(N/A),false
i02o7k,Mikko Vainonen,D,(N/A),false
i060op,Miko Matikka,RW,UTA,false
i03e1q,Miks Indrasis,LW,(N/A),false
i06l26,Mikulas Hovorka,D,FLA,false
i06mqw,Mikus Vecvanags,G,MTL,false
i04r1n,Milan Kloucek,G,NSH,false
i03akk,Milan Kolena,RW,(N/A),false
i01dop,Milan Kytnar,C,(N/A),false
i06icw,Milan Pisoja,D,(N/A),false
i06pu9,Miles Cooper,C,COL,false
i03ebd,Miles Gendron,D,COL,false
i03kii,Miles Koules,C,EDM,false
i031v5,Miles Liberati,D,VAN,false
i06id9,Milo Roelens,C,TBL,false
i048xw,Milos Bubela,LW,PIT,false
i05ykp,Milos Kelemen,LW,UTA,false
i04ld7,Milos Roman,C,CGY,false
i06pyv,Milton Gastrin,C,STL,false
i061ku,Milton Oscarson,C,CHI,false
i01zqg,Mirko Hoefflin,C,(N/A),false
i031sv,Miro Aaltonen,C,(N/A),false
i03ect,Miro Karjalainen,D,(N/A),false
i06mcp,Miroslav Holinka,C,TOR,false
i06mir,Miroslav Satan,C,WSH,false
i03rk3,Miroslav Svoboda,G,(N/A),false
i04qzs,Miska Kukkonen,D,BUF,false
i03kqg,Miska Siikonen,RW,(N/A),false
i01uh4,Mitch Callahan,RW,(N/A),false
i046th,Mitch Eliot,D,BUF,false
i038t0,Mitch Elliot,LW,(N/A),false
i01dfa,Mitch Fadden,C,TBL,false
i04xco,Mitch Gillam,G,(N/A),false
i03a2l,Mitch Holmberg,RW,EDM,false
i04anq,Mitch Hults,C,(N/A),false
i004kb,Mitch Love,D,STL,false
i04xa3,Mitch McLain,LW,VGK,false
i02now,Mitch Moroz,LW,(N/A),false
i04mrk,Mitch Reinke,D,(N/A),false
i03rfu,Mitch Vande Sompel,D,FLA,false
i01fx1,Mitch Wahl,C,(N/A),false
i031qp,Mitch Wheaton,D,DET,false
i06mjh,Mitch Young,D,(N/A),false
i04wwj,Mitchell Balmas,C,(N/A),false
i05994,Mitchell Brewer,D,SJS,false
i031v9,Mitchell Dempsey,LW,BOS,false
i049r8,Mitchell Fossier,LW,(N/A),false
i04qzr,Mitchell Gibson,G,WSH,false
i02np3,Mitchell Heard,C,(N/A),false
i04r0q,Mitchell Hoelscher,C,(N/A),false
i04mur,Mitchell Lewandowski,LW,(N/A),false
i065h1,Mitchell Martin,LW,(N/A),false
i042xg,Mitchell Mattson,C,CGY,false
i05lte,Mitchell Miller,D,(N/A),false
i06194,Mitchell Russell,RW,(N/A),false
i05nfu,Mitchell Smith,D,(N/A),false
i065k1,Mitchell Weeks,G,CHI,false
i06pu6,Mitchell Young,D,COL,false
i04xaq,Montana Onyebuchi,D,UTA,false
i04xb9,Morgan Adams-Moisan,RW,CHI,false
i076x8,Morgan Anderberg,LW,TBL,false
i01zu6,Morgan Ellis,D,(N/A),false
i03168,Morgan Klimchuk,LW,(N/A),false
i05yja,Moritz Muller,D,(N/A),false
i004n6,Morten Madsen,C,(N/A),false
i029jd,Myles Bell,LW,NJD,false
i076qe,Myles Brosnan,D,DET,false
i004o7,Myles Stoesz,RW,NJD,false
i04rdv,Nando Eggenberger,LW,(N/A),false
i05r6i,Natan Vertes,RW,(N/A),false
i05ug1,Nate Benoit,D,MIN,false
i06449,Nate Danielson,C,DET,false
i04ffp,Nate Knoepke,D,(N/A),false
i06kav,Nate Misskey,D,SJS,false
i0046w,Nate Raduns,C,(N/A),false
i06qv8,Nate Tivey,D,(N/A),false
i06mqk,Nathan Aspinall,LW,NYR,false
i06sqn,Nathan Behm,RW,CHI,false
i04l7f,Nathan Billitier,D,(N/A),false
i03kim,Nathan Burns,LW,(N/A),false
i042yd,Nathan Clurman,D,MTL,false
i02iqy,Nathan Condon,C,COL,false
i06aey,Nathan Darveau,G,(N/A),false
i0058c,Nathan Davis,LW,CHI,false
i01szg,Nathan Deobald,G,(N/A),false
i04ld6,Nathan Dunkley,C,(N/A),false
i05rji,Nathan Gaucher,C,ANA,false
i05o5z,Nathan Larose,D,(N/A),false
i01hw3,Nathan Lawson,G,(N/A),false
i04zoz,Nathan Legare,RW,NJD,false
i02frc,Nathan Longpre,C,(N/A),false
i06mr3,Nathan Mayes,D,TBL,false
i01n8a,Nathan Moon,C,PIT,false
i038oj,Nathan Noel,C,(N/A),false
i03a97,Nathan Pancel,LW,(N/A),false
i0244x,Nathan Perkovich,RW,NJD,false
i06h98,Nathan Pilling,C,SJS,false
i06tb1,Nathan Quinn,C,PHI,false
i003g7,Nathan Saunders,D,(N/A),false
i04f1e,Nathan Schnarr,C,(N/A),false
i03wqw,Nathan Schoenfeld,G,(N/A),false
i04qyy,Nathan Smith,C,FLA,false
i051xm,Nathan Staios,D,FLA,false
i05h9o,Nathan Sucese,LW,NYR,false
i0598r,Nathan Todd,C,SJS,false
i06mce,Nathan Villeneuve,C,SEA,false
i06c71,Nathaniel Day,G,EDM,false
i05xcr,Navrin Mutter,LW,BOS,false
i004os,Ned Lukacevic,RW,(N/A),false
i06hbk,Neil Shea,LW,COL,false
i03ebz,Nelson Nogier,D,(N/A),false
i062kz,Nestor Noiva,RW,(N/A),false
i031ot,Nicholas Baptiste,RW,TOR,false
i03rj3,Nicholas Boka,D,BUF,false
i042xy,Nicholas Caamano,RW,(N/A),false
i06gyj,Nicholas DeAngelis,D,CBJ,false
i06mbc,Nicholas Kempf,G,WSH,false
i01zuc,Nicholas Luukko,D,PHI,false
i060jd,Nicholas Moldenhauer,C,TOR,false
i051uu,Nicholas Porco,LW,DAL,false
i06h28,Nicholas Savoie,D,BUF,false
i01n83,Nicholas Tremblay,C,BOS,false
i06clc,Nicholas VanTassell,RW,OTT,false
i02o7i,Nicholas Walters,D,STL,false
i050nl,Nick Abruzzese,C,TBL,false
i03hfh,Nick Bailen,D,(N/A),false
i03wkt,Nick Betz,RW,(N/A),false
i076x5,Nick Bogas,D,STL,false
i04f7l,Nick Campoli,C,VGK,false
i05oxy,Nick Capone,C,PHI,false
i06awb,Nick Chenard,G,TOR,false
i05xw7,Nick Cicek,D,CGY,false
i01ucy,Nick Crawford,D,(N/A),false
i02ye0,Nick D'Agostino,D,(N/A),false
i05uw7,Nick DeGrazia,C,(N/A),false
i00590,Nick Dodge,RW,(N/A),false
i004mt,Nick Drazenovic,C,(N/A),false
i0243c,Nick Ebert,D,(N/A),false
i03yk2,Nick Ellis,G,(N/A),false
i04lo6,Nick Halloran,C,(N/A),false
i04f1s,Nick Henry,RW,COL,false
i05rgg,Nick Jenny,D,(N/A),false
i03iy3,Nick Jones,D,SJS,false
i0597z,Nick Jones,C,(N/A),false
i04z1g,Nick Kossoff,G,(N/A),false
i03ykh,Nick Lappin,RW,(N/A),false
i06axb,Nick Lardis,RW,CHI,false
i04f89,Nick Leivermann,D,WSH,false
i03ebu,Nick Magyar,RW,COL,false
i05k9c,Nick Malik,G,TBL,false
i01zqz,Nick Mattson,D,(N/A),false
i03scu,Nick McBride,G,(N/A),false
i03mn6,Nick Merkley,RW,NYR,false
i031pr,Nick Moutrey,C,(N/A),false
i05ykl,Nick Olesen,C,(N/A),false
i03d0d,Nick Oliver,LW,(N/A),false
i0430h,Nick Pastujov,LW,(N/A),false
i01mkf,Nick Petersen,RW,PIT,false
i01cem,Nick Petrecki,D,BUF,false
i05xw2,Nick Poisson,F,(N/A),false
i05rku,Nick Prkusic,LW,(N/A),false
i0737i,Nick Roukounakis,LW,(N/A),false
i03npc,Nick Saracino,LW,(N/A),false
i01syy,Nick Schaus,D,(N/A),false
i03kud,Nick Schilkey,RW,NYI,false
i03wnx,Nick Schneider,G,(N/A),false
i031o5,Nick Sorensen,RW,(N/A),false
i03anh,Nick Sorkin,LW,MTL,false
i04f8s,Nick Swaney,RW,MIN,false
i03wny,Nick Tuzzolino,D,OTT,false
i038mw,Nick Walters,D,STL,false
i03ee3,Nick Wolff,D,(N/A),false
i024zx,Nicklas Dahlberg,G,(N/A),false
i03kin,Nickolas Latta,C,NYR,false
i042y3,Niclas Almari,D,(N/A),false
i03qb9,Niclas Andersen,D,(N/A),false
i040zv,Niclas Burstrom,D,(N/A),false
i04o4q,Niclas Westerholm,G,(N/A),false
i04qz6,Nico Gross,D,NYR,false
i05yjj,Nico Krammer,LW,(N/A),false
i06bae,Nico Myatovic,LW,ANA,false
i06c9e,Nico Pertuch,G,(N/A),false
i01n7c,Nico Sacchetti,C,DAL,false
i05ykk,Nicolai Meyer,LW,(N/A),false
i04qvh,Nicolas Beaudin,D,MTL,false
i003iu,Nicolas Blanchard,LW,MTL,false
i05ub2,Nicolas Daigle,C,(N/A),false
i01fuj,Nicolas Deschamps,LW,(N/A),false
i04l3r,Nicolas Guay,RW,(N/A),false
i02noz,Nicolas Kerdiles,LW,(N/A),false
i042y4,Nicolas Mattinen,D,TOR,false
i03reu,Nicolas Meloche,D,(N/A),false
i06idd,Nicolas Muller,C,(N/A),false
i01071,Nigel Williams,D,(N/A),false
i043i9,Niilo Halonen,G,(N/A),false
i06mis,Niilopekka Muhonen,D,DAL,false
i03won,Niki Petti,C,(N/A),false
i051m3,Nikita Alexandrov,C,LAK,false
i04gei,Nikita Anokhovski,C,(N/A),false
i06luy,Nikita Artamonov,LW,CAR,false
i060pv,Nikita Blednov,F,(N/A),false
i05t9b,Nikita Boyarkin,G,(N/A),false
i05uxh,Nikita Buruyanov,LW,(N/A),false
i05r2j,Nikita Chibrikov,LW,WPG,false
i05uxm,Nikita Dishkovsky,RW,(N/A),false
i00qrh,Nikita Filatov,LW,(N/A),false
i05und,Nikita Grebenkin,LW,PHI,false
i05ugn,Nikita Guslistov,C,CAR,false
i06cg6,Nikita Ishimnikov,D,COL,false
i03d02,Nikita Jevpalovs,RW,MTL,false
i06rsf,Nikita Khoruzhev,C,(N/A),false
i06r6c,Nikita Kiryanov,C,(N/A),false
i0744a,Nikita Klepov,LW,ANA,false
i04zny,Nikita Kochubeynik,LW,(N/A),false
i03rjh,Nikita Korostelyov,RW,CBJ,false
i05rfz,Nikita Lyamkin,D,(N/A),false
i05xsz,Nikita Mikhailis,LW,(N/A),false
i06c46,Nikita Nedopyokin,C,(N/A),false
i051vh,Nikita Nesterenko,C,ANA,false
i06qv9,Nikita Nikora,C,(N/A),false
i05ugc,Nikita Novikov,D,(N/A),false
i072em,Nikita Novosyolov,G,COL,false
i051tj,Nikita Okhotyuk,D,CGY,false
i03rjt,Nikita Pavlychev,C,LAK,false
i06hcz,Nikita Podlyagin,G,(N/A),false
i048vg,Nikita Popugaev,LW,NJD,false
i06mr7,Nikita Prishchepov,C,COL,false
i05uga,Nikita Quapp,G,(N/A),false
i04r6d,Nikita Rtishchev,RW,(N/A),false
i03asd,Nikita Scherbak,RW,(N/A),false
i076wj,Nikita Scherbakov,D,NJD,false
i06hjb,Nikita Sedov,D,(N/A),false
i066rg,Nikita Serebryakov,G,(N/A),false
i04yjf,Nikita Shashkov,LW,(N/A),false
i06mjk,Nikita Surayev,RW,(N/A),false
i06bdz,Nikita Susuyev,C,STL,false
i06cfc,Nikita Telegin,LW,(N/A),false
i05xoy,Nikita Tertyshny,RW,(N/A),false
i06agl,Nikita Tolopilo,G,VAN,false
i06xxy,Nikita Tyurin,D,DET,false
i060wl,Nikita Yevseyev,D,EDM,false
i071wn,Niklas Aaram-Olsen,RW,VAN,false
i05ykn,Niklas Friman,D,(N/A),false
i031os,Niklas Hansson,D,(N/A),false
i062o3,Niklas Hubner,D,(N/A),false
i02b3n,Niklas Jensen,RW,(N/A),false
i05ws3,Niklas Kokko,G,SEA,false
i02fzs,Niklas Lundstrom,G,(N/A),false
i04qyl,Niklas Nordgren,RW,(N/A),false
i05a8z,Niklas Rubin,G,(N/A),false
i03yt1,Niklas Schlegel,G,(N/A),false
i02jti,Niklas Svedberg,G,(N/A),false
i02o89,Niklas Tikkinen,D,UTA,false
i03sof,Niklas Treutle,G,(N/A),false
i01nnz,Niko Hovinen,G,(N/A),false
i05u2r,Niko Huuhtanen,RW,(N/A),false
i05gtk,Niko Ojamaki,RW,(N/A),false
i051vw,Nikola Pasic,RW,NJD,false
i04bw5,Nikolai Belov,D,(N/A),false
i04309,Nikolai Chebykin,LW,TOR,false
i05wdn,Nikolai Hakala,C,(N/A),false
i060pu,Nikolai Khvorov,F,(N/A),false
i04r0p,Nikolai Kovalenko,LW,(N/A),false
i004n0,Nikolai Lemtyugov,RW,STL,false
i05ufg,Nikolai Makarov,D,CBJ,false
i05nfq,Nikolai Mayorov,LW,(N/A),false
i06nkb,Nikolai Nikulshin,G,(N/A),false
i02nqj,Nikolai Prokhorkin,LW,(N/A),false
i03wop,Nikolai Skladnichenko,C,(N/A),false
i061bl,Nikolai Tishkevich,F,(N/A),false
i0430u,Nikolaj Krag Christensen,LW,STL,false
i05yjw,Nikolajs Jelisejevs,LW,(N/A),false
i03kh9,Nikolas Brouillard,D,ANA,false
i03eck,Nikolas Koberstein,D,MTL,false
i061jh,Niks Fenenko,F,(N/A),false
i076kp,Nils Bartholdsson,RW,BOS,false
i062q6,Nils Juntorp,RW,CHI,false
i06imo,Nils Wallstrom,G,(N/A),false
i06buk,Noa Vali,G,(N/A),false
i003is,Noah Babin,D,(N/A),false
i05gbz,Noah Beck,D,(N/A),false
i0484t,Noah Bushnell,RW,(N/A),false
i042yg,Noah Carroll,D,(N/A),false
i06c6w,Noah Chadwick,D,TOR,false
i07a2e,Noah Davidson,F,(N/A),false
i05x6x,Noah Dorey,D,(N/A),false
i0644j,Noah Dower Nilsson,LW,DET,false
i05o6j,Noah Ellis,D,VGK,false
i06cdy,Noah Erliden,G,(N/A),false
i05oja,Noah Grannan,G,(N/A),false
i076yr,Noah Kosick,C,ANA,false
i06cg8,Noah Laaouan,D,BUF,false
i06tb4,Noah Laberge,D,BUF,false
i05u0n,Noah Meier,D,(N/A),false
i05rjh,Noah Ostlund,C,BUF,false
i060qd,Noah Philp,C,ANA,false
i06mhh,Noah Powell,RW,PHI,false
i06taz,Noah Read,LW,ANA,false
i03eaz,Noah Rod,RW,(N/A),false
i05uxp,Noah Serdachny,C,(N/A),false
i06mhl,Noah Steen,LW,TBL,false
i060je,Noah Warren,D,ANA,false
i06imp,Noel Fransen,D,CAR,false
i04ymv,Noel Gunler,RW,CAR,false
i04f23,Noel Hoefenmayer,D,MTL,false
i06bul,Noel Nordh,LW,UTA,false
i076rf,Noel Pakarinen,LW,VGK,false
i05tqs,Nolan Allan,D,SJS,false
i066ox,Nolan Burke,C,(N/A),false
i061tt,Nolan Collins,D,PIT,false
i031ux,Nolan De Jong,D,(N/A),false
i06fqb,Nolan Dillingham,D,TOR,false
i04lda,Nolan Foote,LW,PHI,false
i060y5,Nolan Lalonde,G,CBJ,false
i03d0u,Nolan LaPorte,RW,(N/A),false
i05o70,Nolan Maier,G,BOS,false
i060pb,Nolan Ritchie,C,(N/A),false
i06m7k,Nolan Roed,C,COL,false
i06ahi,Nolan Seed,D,(N/A),false
i04m63,Nolan Sheeran,RW,(N/A),false
i03zbq,Nolan Stevens,C,(N/A),false
i03ua1,Nolan Valleau,D,(N/A),false
i03edg,Nolan Vesey,LW,(N/A),false
i06ak1,Nolan Yaremko,LW,MTL,false
i03nq6,Nolan Zajac,D,(N/A),false
i06c75,Norwin Panocha,D,BUF,false
i060ua,Nuutti Viitasalo,D,(N/A),false
i06gyi,Oasiz Wiesblatt,C,NSH,false
i04w55,Odeen Tufto,C,(N/A),false
i06ckv,Oiva Keskinen,C,CBJ,false
i076q9,Ola Palme,D,SEA,false
i05oxt,Ole Bjorgvik-Holm,D,(N/A),false
i076r5,Oleg Kulebyakin,LW,TBL,false
i06oxq,Oleg Maistrenko,LW,(N/A),false
i042yt,Oleg Sosunov,D,(N/A),false
i03n0i,Oleg Yevenko,D,CGY,false
i051x2,Oleg Zaytsev,C,(N/A),false
i05unk,Oleksii Myklukha,C,(N/A),false
i06bde,Oliver Bonk,D,PHI,false
i04l1a,Oliver Castleman,LW,DET,false
i062sg,Oliver Chau,C,(N/A),false
i03kir,Oliver Cooper,C,COL,false
i0484p,Oliver Felixson,D,(N/A),false
i023op,Oliver Gabriel,LW,(N/A),false
i05ykj,Oliver Joakim Larsen,D,(N/A),false
i05uev,Oliver Johansson,C,OTT,false
i025z8,Oliver Lauridsen,D,(N/A),false
i05unn,Oliver Moberg,RW,(N/A),false
i0644e,Oliver Moore,C,CHI,false
i04r6a,Oliver Okuliar,LW,PIT,false
i06h97,Oliver Peer,C,(N/A),false
i003x0,Oliver Setzinger,LW,(N/A),false
i05ltu,Oliver Suni,RW,(N/A),false
i07339,Oliver Suvanto,C,WSH,false
i05lug,Oliver Tarnstrom,C,(N/A),false
i06c1u,Oliver Tulk,RW,(N/A),false
i072jr,Olivers Murnieks,C,BUF,false
i05rah,Olivier Adam,G,(N/A),false
i02fq2,Olivier Archambault,LW,(N/A),false
i015x5,Olivier Fortier,C,(N/A),false
i04muj,Olivier Galipeau,D,(N/A),false
i003zg,Olivier Labelle,RW,(N/A),false
i004lh,Olivier Latendresse,C,(N/A),false
i03eeh,Olivier Leblanc,D,(N/A),false
i003xy,Olivier Magnan,D,(N/A),false
i05tar,Olivier Nadeau,RW,(N/A),false
i04ld1,Olivier Rodrigue,G,TBL,false
i01ge8,Olivier Roy,G,(N/A),false
i04ymc,Oliwer Kaski,D,CAR,false
i050hg,Olle Alsing,D,(N/A),false
i04an2,Olle Eriksson Ek,G,(N/A),false
i04f7v,Olle Lycksell,LW,OTT,false
i03yg5,Olli Juolevi,D,(N/A),false
i05o68,Olli Kaskinen,D,(N/A),false
i03d0o,Olli Palola,LW,(N/A),false
i06mcf,Ollie Josephson,LW,SEA,false
i06clr,Olof Glifford,G,FLA,false
i04qxz,Olof Lindbom,G,(N/A),false
i061js,Ondrej Becher,C,DET,false
i04r6c,Ondrej Buchtela,D,(N/A),false
i01n7s,Ondrej Fiala,C,MIN,false
i045zb,Ondrej Kachyna,D,(N/A),false
i06mmv,Ondrej Kos,LW,STL,false
i0644i,Ondrej Molnar,LW,(N/A),false
i0440j,Ondrej Najman,C,(N/A),false
i06avp,Ondrej Pavel,C,NSH,false
i051x5,Ondrej Psenicka,RW,(N/A),false
i01n89,Ondrej Roman,LW,(N/A),false
i076xw,Ondrej Ruml,D,COL,false
i07ad8,Ondrej Ruml,D,(N/A),false
i043r6,Ondrej Vala,D,DAL,false
i06r66,Onni Leppanen,RW,(N/A),false
i03bds,Oscar Alsenfelt,G,(N/A),false
i02jxl,Oscar Dansk,G,(N/A),false
i06hvz,Oscar Eklind,LW,PHI,false
i06axt,Oscar Fisker Molgaard,C,SEA,false
i075kn,Oscar Hemming,LW,CBJ,false
i076jj,Oscar Holmertz,C,OTT,false
i076x4,Oscar Olsson,LW,BOS,false
i062io,Oscar Pantzare,D,(N/A),false
i05u3x,Oscar Plandowski,D,(N/A),false
i05lup,Oscar Tellstrom,RW,(N/A),false
i061bj,Oskar Asplund,D,(N/A),false
i06ruj,Oskar Blomgren,G,(N/A),false
i05ufm,Oskar Jellvik,C,BOS,false
i06r69,Oskar Kind Bakkevig,RW,(N/A),false
i05u3o,Oskar Kvist,LW,(N/A),false
i05kn9,Oskar Magnusson,RW,(N/A),false
i05rar,Oskar Olausson,RW,(N/A),false
i005jw,Oskar Osala,LW,(N/A),false
i061a4,Oskar Pettersson,RW,OTT,false
i042yh,Oskar Steen,RW,(N/A),false
i06l4n,Oskar Vuollet,C,CAR,false
i070df,Oskar Wahlberg,D,(N/A),false
i04f1n,Oskari Laaksonen,D,(N/A),false
i04rzt,Oskari Salminen,G,(N/A),false
i0042b,Oskars Bartulis,D,(N/A),false
i05yk0,Oskars Batna,C,(N/A),false
i05yjv,Oskars Cibulskis,D,(N/A),false
i04an4,Ostap Safin,RW,EDM,false
i03n2j,Otso Rantakari,D,(N/A),false
i060wk,Otto Hokkanen,C,(N/A),false
i04r14,Otto Kivenmaki,C,DET,false
i042xc,Otto Koivula,LW,(N/A),false
i04fpp,Otto Latvala,D,(N/A),false
i04xe0,Otto Leskinen,D,MTL,false
i045cj,Otto Makinen,C,(N/A),false
i060ji,Otto Salin,D,LAK,false
i0430r,Otto Somppi,C,TBL,false
i05ws4,Otto Stenberg,C,STL,false
i04xmw,Oula Palve,C,(N/A),false
i06h7v,Owen Allard,C,UTA,false
i05uef,Owen Bartoszkiewicz,G,(N/A),false
i05ymo,Owen Beck,C,MTL,false
i06cle,Owen Beckner,C,OTT,false
i06tz4,Owen Conrad,D,TOR,false
i06gnq,Owen Flores,G,NSH,false
i06tb5,Owen Griffin,C,CBJ,false
i04xc3,Owen Lalonde,D,(N/A),false
i051ur,Owen Lindmark,C,FLA,false
i06uwf,Owen Martin,RW,WPG,false
i05ugk,Owen McLaughlin,C,PHI,false
i062pz,Owen Mehlenbacher,C,DET,false
i072jd,Owen Michaels,RW,EDM,false
i05uha,Owen Murray,D,(N/A),false
i05nis,Owen Pederson,LW,BOS,false
i0616n,Owen Pickering,D,PIT,false
i06mjo,Owen Protz,D,MTL,false
i0597y,Owen Robinson,C,CHI,false
i05y9v,Owen Savory,G,(N/A),false
i06qqa,Owen Say,G,(N/A),false
i05yg6,Owen Sillinger,LW,CBJ,false
i05k9e,Ozzy Wiesblatt,RW,NSH,false
i015sl,P.J. Atherton,D,DET,false
i060v2,Pano Fimis,C,(N/A),false
i05ykf,Paris O'Brien,G,(N/A),false
i06mqi,Parker Alcos,D,VAN,false
i060xb,Parker Bell,LW,(N/A),false
i03ynt,Parker Bowles,LW,(N/A),false
i04f7b,Parker Foo,LW,CHI,false
i05g48,Parker Ford,C,WPG,false
i04ad8,Parker Gahagen,G,(N/A),false
i06xxd,Parker Holmes,LW,CHI,false
i0590c,Parker MacKay,RW,(N/A),false
i02iua,Parker Milner,G,WSH,false
i063ze,Parker Murray,LW,(N/A),false
i0440g,Parker Reno,D,(N/A),false
i076xc,Parker Snell,G,CBJ,false
i072jt,Parker Trottier,C,MTL,false
i03yaw,Parker Tuomie,RW,(N/A),false
i06mj6,Parker Von Richter,D,PIT,false
i042vm,Pascal Laberge,C,PHI,false
i003g4,Pascal Pelletier,LW,(N/A),false
i05ufv,Pasquale Zito,LW,(N/A),false
i02zgc,Pat Mullane,LW,(N/A),false
i025z5,Pat Nagle,G,(N/A),false
i027gy,Pathrik Westerholm,C,(N/A),false
i01d68,Patrice Cormier,C,(N/A),false
i045z8,Patrick Bajkov,RW,(N/A),false
i043um,Patrick Bjorkstrand,C,(N/A),false
i026kg,Patrick Cannone,C,(N/A),false
i004av,Patrick Coulombe,D,(N/A),false
i0490x,Patrick Cullity,D,(N/A),false
i05o4p,Patrick Curry,LW,(N/A),false
i03rrn,Patrick D'Amico,C,(N/A),false
i003xm,Patrick Davis,C,(N/A),false
i02451,Patrick Ehelechner,G,PIT,false
i06mje,Patrick Geary,D,BUF,false
i04r69,Patrick Giles,C,SJS,false
i05no4,Patrick Guay,C,VGK,false
i05yjf,Patrick Hager,C,(N/A),false
i042xr,Patrick Harper,C,(N/A),false
i01zv0,Patrick Holland,RW,(N/A),false
i03rj2,Patrick Holway,D,DET,false
i04fpo,Patrick Khodorenko,C,NYR,false
i01tey,Patrick Killeen,G,(N/A),false
i03l0p,Patrick Koudys,D,WSH,false
i042ya,Patrick Kudla,D,UTA,false
i061sy,Patrick Leaver,G,(N/A),false
i04dqu,Patrick McCarron,D,(N/A),false
i0427o,Patrick McEachen,D,(N/A),false
i03kgs,Patrick McGrath,RW,(N/A),false
i01zrd,Patrick McNally,D,(N/A),false
i004ns,Patrick McNeill,D,(N/A),false
i051v6,Patrick Moynihan,RW,(N/A),false
i01chp,Patrick Mullen,D,(N/A),false
i04z9k,Patrick Newell,LW,NYR,false
i03yk3,Patrick Russell,RW,(N/A),false
i03eef,Patrick Sanvido,D,DAL,false
i03rjo,Patrick Shea,C,(N/A),false
i02np4,Patrick Sieloff,D,(N/A),false
i06ckb,Patrick Thomas,C,WSH,false
i03jhc,Patrick Watling,C,TOR,false
i004k5,Patrick Wellar,D,WSH,false
i02oz4,Patrik Bartosak,G,(N/A),false
i05u2s,Patrik Hamrla,G,CAR,false
i004op,Patrik Hersley,D,(N/A),false
i04fpr,Patrik Hrehorcak,LW,(N/A),false
i062n0,Patrik Juhola,C,(N/A),false
i06c2u,Patrik Koch,D,UTA,false
i04zj7,Patrik Puistola,LW,(N/A),false
i04ok2,Patrik Rybar,G,DET,false
i04r18,Patrik Siikanen,C,EDM,false
i04f8q,Patrik Virta,C,NYR,false
i03yb7,Patrik Zackrisson,C,(N/A),false
i06c43,Patriks Berzins,G,(N/A),false
i05yjt,Patriks Ozols,D,(N/A),false
i076ih,Patriks Plumins,G,TOR,false
i004n7,Paul Albers,D,(N/A),false
i038sy,Paul Bittner,LW,(N/A),false
i05uxq,Paul Christopoulos,D,(N/A),false
i01c9l,Paul Crowder,RW,(N/A),false
i02frf,Paul Dainton,G,(N/A),false
i03d0t,Paul De Jersey,RW,(N/A),false
i06bnf,Paul Fischer,D,EDM,false
i0483d,Paul Geiger,D,(N/A),false
i02j7g,Paul Karpowich,G,(N/A),false
i02ob7,Paul LaDue,D,(N/A),false
i05ymz,Paul Ludwinski,C,CHI,false
i025cs,Paul Thompson,RW,(N/A),false
i0269d,Paul Zanette,C,(N/A),false
i05uxe,Pavel Cajan,G,(N/A),false
i04rdy,Pavel Gogolev,LW,(N/A),false
i03eei,Pavel Jenys,C,(N/A),false
i060v7,Pavel Kamko,D,(N/A),false
i03ri8,Pavel Karnaukhov,LW,CGY,false
i04f82,Pavel Koltygin,C,NSH,false
i03edm,Pavel Kraskovsky,C,(N/A),false
i061l4,Pavel Leuka,C,(N/A),false
i06c9i,Pavel Moysevich,G,VGK,false
i05kdx,Pavel Novak,RW,(N/A),false
i0324k,Pavel Padakin,RW,(N/A),false
i04ged,Pavel Shen,C,BOS,false
i05lts,Pavel Tyutnev,C,(N/A),false
i004km,Pavel Valentenko,D,(N/A),false
i05g44,Pavel Yelizarov,D,(N/A),false
i05ykq,Pavol Regenda,RW,(N/A),false
i05rio,Pavol Skalicky,C,(N/A),false
i03kio,Paxton Leroux,LW,NYR,false
i05y39,Peetro Seppala,D,SEA,false
i05ykb,Pengfei Zhang,D,(N/A),false
i003o1,Perttu Lindgren,C,(N/A),false
i04ybg,Peter Abbandonato,C,PIT,false
i01uos,Peter Andersson,D,(N/A),false
i003rd,Peter Aston,D,(N/A),false
i031p9,Peter Cehlarik,LW,BOS,false
i02fsl,Peter Ceresnak,D,(N/A),false
i01nin,Peter Delmas,G,(N/A),false
i04r0w,Peter Diliberatore,D,UTA,false
i02fsu,Peter LeBlanc,C,(N/A),false
i01fhc,Peter MacArthur,LW,UTA,false
i004ob,Peter Olvecky,LW,(N/A),false
i031uv,Peter Quenneville,C,CBJ,false
i06imn,Peter Repcik,C,(N/A),false
i05u3w,Peter Reynolds,C,(N/A),false
i059wl,Peter Stratis,D,(N/A),false
i042y7,Peter Thome,G,MIN,false
i0598d,Peter Tischke,D,BUF,false
i0322x,Peter Trainor,LW,BUF,false
i05yk5,Peter Zhong,LW,(N/A),false
i06axa,Peteris Bulans,D,VGK,false
i05o6f,Petr Cajka,C,(N/A),false
i061l0,Petr Hauser,LW,EDM,false
i003ue,Petr Kalus,LW,(N/A),false
i003t4,Petr Kanko,RW,(N/A),false
i04f27,Petr Kvaca,G,(N/A),false
i05u35,Petr Moravec,LW,(N/A),false
i02fzw,Petr Placek,RW,PHI,false
i003n2,Petr Pohl,RW,(N/A),false
i06mcg,Petr Sikora,C,WSH,false
i01zt8,Petr Straka,RW,(N/A),false
i01c17,Petr Taticek,C,WSH,false
i07a2g,Petr Tomek,C,(N/A),false
i003ym,Petr Vrana,C,(N/A),false
i03ddx,Petr Zamorsky,D,(N/A),false
i003kk,Petri Kontiola,C,(N/A),false
i04a6q,Petrus Palmu,LW,(N/A),false
i0310q,Petter Emanuelsson,RW,(N/A),false
i01zug,Petter Granberg,D,(N/A),false
i03rjx,Petter Hansson,D,(N/A),false
i06c97,Petter Vesterheim,C,(N/A),false
i02ob2,Petteri Lindbohm,D,(N/A),false
i04z8s,Petteri Nikkila,D,(N/A),false
i062q4,Petteri Nurmi,D,MTL,false
i06mho,Petteri Rimpinen,G,LAK,false
i03l0s,Petteri Simila,G,MTL,false
i003e8,Petteri Wirtanen,C,(N/A),false
i04ak6,Peyton Jones,G,MIN,false
i06sqt,Peyton Kettles,D,PIT,false
i04xba,Phelix Martineau,C,(N/A),false
i01zvc,Phil Lane,RW,(N/A),false
i004ma,Phil Oreskovic,D,WSH,false
i04n1x,Philip Beaulieu,D,(N/A),false
i02fsj,Philip DeSimone,LW,MTL,false
i05ub9,Philip Granath,RW,(N/A),false
i06cfh,Philip Hecht,C,(N/A),false
i076y9,Philip Hemmyr,C,NSH,false
i04d17,Philip Holm,D,(N/A),false
i04f8r,Philip Kemp,D,PIT,false
i01c75,Philip McRae,C,(N/A),false
i042xj,Philip Nyberg,D,BUF,false
i01mw3,Philip Samuelsson,D,(N/A),false
i05uf9,Philip Svedeback,G,BOS,false
i0253m,Philip-Michael Devos,C,(N/A),false
i03d11,Philippe Cadorette,G,(N/A),false
i01mjb,Philippe Cornet,LW,(N/A),false
i05oxz,Philippe Daoust,C,OTT,false
i031od,Philippe Desrosiers,G,MTL,false
i03c0e,Philippe Gadoury,C,(N/A),false
i02fzh,Philippe Hudon,C,DET,false
i05rad,Philippe Lapointe,RW,(N/A),false
i01mew,Philippe Lefebvre,LW,(N/A),false
i04big,Philippe Maillet,C,MTL,false
i05r22,Philippe Maillet,C,(N/A),false
i01obo,Philippe Paradis,C,(N/A),false
i03ko1,Philippe Trudeau,G,(N/A),false
i003gw,Phillip Gogulla,LW,(N/A),false
i0766y,Phillip Sinn,D,SJS,false
i066pe,Pier-Olivier Roy,D,(N/A),false
i05xuh,Pierce Charleson,G,(N/A),false
i071wq,Pierce Mbuyi,LW,PIT,false
i004b8,Pierre-Cedric Labrie,LW,(N/A),false
i023fy,Pierre-Olivier Morin,LW,(N/A),false
i065g3,Pierrick Dube,RW,(N/A),false
i05tuf,Platon Zadorozhny,G,(N/A),false
i03xl1,Ponthus Westerholm,RW,(N/A),false
i060q5,Pontus Andreasson,C,DET,false
i06cfx,Pontus Falk,C,(N/A),false
i066ph,Pontus Johansson,D,(N/A),false
i03edi,Pontus Sjalin,D,MIN,false
i06hj9,Porter Martone,RW,PHI,false
i01t00,Prab Rai,LW,(N/A),false
i06b7b,Preston Lounsbury,C,(N/A),false
i05nzx,Prokhor Poltapov,RW,BUF,false
i06qqd,Pyotr Andreyanov,G,CBJ,false
i068z0,Quentin Miller,G,MTL,false
i05ui5,Quentin Musty,LW,SJS,false
i031sm,Quentin Shore,C,OTT,false
i06ll1,Quentin Sigurdson,G,(N/A),false
i06tmu,Quinn Beauchesne,D,PIT,false
i04rhm,Quinn Benjafield,RW,(N/A),false
i060ja,Quinn Finley,LW,NYI,false
i0632b,Quinn Hutson,RW,EDM,false
i06cfl,Quinn Mantei,D,(N/A),false
i076y3,Quinn McKenzie,C,NJD,false
i051ty,Quinn Olson,LW,LAK,false
i051vp,Quinn Schmiemann,D,VAN,false
i06be1,Quinton Burns,D,STL,false
i01zrl,R.J. Boyd,D,(N/A),false
i05o61,R.J. Murphy,C,(N/A),false
i05yk3,Radan Lenc,RW,(N/A),false
i05xyw,Radek Kucerik,D,(N/A),false
i004k1,Radek Smolenak,LW,(N/A),false
i03edq,Radel Fazleev,C,(N/A),false
i06c95,Radel Zamaltdinov,LW,(N/A),false
i06pyp,Radim Mrtka,D,BUF,false
i04fh3,Radim Salda,D,TBL,false
i05jpi,Radim Zohorna,LW,(N/A),false
i03mm5,Radovan Bondra,RW,(N/A),false
i04xud,Radovan Pavlik,RW,(N/A),false
i06qsa,Rainers Rullers,C,(N/A),false
i05no8,Raivis Ansons,LW,(N/A),false
i061wb,Ralf Rollinger,LW,(N/A),false
i063zf,Ralfs Bergmanis,D,(N/A),false
i03yh7,Ralph Cuddemi,LW,(N/A),false
i037ad,Raman Hrabarenka,D,(N/A),false
i062yx,Rami Maatta,D,(N/A),false
i003p6,Randall Gelech,RW,(N/A),false
i01zv3,Randy McNaught,RW,NYR,false
i06mb1,Raoul Boilard,C,NYR,false
i02np8,Raphael Bussieres,LW,(N/A),false
i04sy0,Raphael Lavoie,RW,VGK,false
i03wnr,Raphael Maheux,D,(N/A),false
i02b71,Rasmus Bengtsson,D,FLA,false
i06mqv,Rasmus Bergqvist,D,MTL,false
i02ody,Rasmus Bodin,LW,DET,false
i05u60,Rasmus Korhonen,G,UTA,false
i06buu,Rasmus Kumpulainen,C,MIN,false
i06ahy,Rasmus Larsson,D,NYR,false
i03eq7,Rasmus Rinne,G,(N/A),false
i024j2,Rasmus Rissanen,D,(N/A),false
i039w4,Rasmus Tirronen,G,(N/A),false
i05ws2,Rastislav Elias,G,(N/A),false
i06ag5,Raul Yakupov,C,(N/A),false
i01t65,Ray Kaunisto,LW,(N/A),false
i004p8,Ray Macias,D,(N/A),false
i062nh,Rayan Bettahar,D,(N/A),false
i0056t,Raymond Sawada,RW,(N/A),false
i05td1,Red Savage,LW,BUF,false
i051uy,Reece Newkirk,C,TBL,false
i02fsk,Reece Scarlett,D,(N/A),false
i05x77,Reece Vitelli,RW,(N/A),false
i02o82,Reece Willcox,D,(N/A),false
i061ml,Reese Laubach,C,SJS,false
i06h93,Reggie Newman,RW,UTA,false
i06awj,Reid Cooper,G,WSH,false
i03edr,Reid Duke,C,(N/A),false
i061l3,Reid Dyck,G,(N/A),false
i03h54,Reid Gardiner,RW,(N/A),false
i01zra,Reid McNeill,D,(N/A),false
i05xcc,Reid Perepeluk,RW,CGY,false
i038l9,Reid Petryk,C,(N/A),false
i060wx,Reid Schaefer,LW,NSH,false
i065ga,Reid Valade,RW,(N/A),false
i04f1i,Reilly Walsh,D,MTL,false
i04f7r,Reilly Webb,D,DET,false
i0042c,Rejean Beauchemin,G,(N/A),false
i06xwk,Reko Alanko,D,UTA,false
i06sqk,Remi Gelinas,D,(N/A),false
i05oy8,Remi Poirier,G,NJD,false
i05uah,Remington Keopple,G,(N/A),false
i038sv,Remy Giftopoulos,LW,NJD,false
i04gep,Renars Krastenbergs,LW,(N/A),false
i03g46,Renat Mamashev,D,NJD,false
i0315h,Reto Suri,LW,(N/A),false
i042x8,Rhett Gardner,C,PHI,false
i02o76,Rhett Holland,D,UTA,false
i06ppe,Rhett Parsons,D,TOR,false
i051m1,Rhett Pitlick,LW,EDM,false
i01n80,Rhett Rakhshani,RW,(N/A),false
i04ziz,Rhett Rampinelli,LW,(N/A),false
i05o6u,Rhett Rhinehart,D,(N/A),false
i06c5b,Rhett Stoesser,G,(N/A),false
i076ho,Rian Chudzinski,RW,ANA,false
i01zr9,Ricard Blidstrand,D,(N/A),false
i01fuk,Richard Bachman,G,(N/A),false
i06xxa,Richard Gallant,LW,SJS,false
i01f71,Richard Greenop,RW,(N/A),false
i03yi3,Richard Gynge,RW,(N/A),false
i02fqb,Richard Nedomlel,D,(N/A),false
i03eci,Richard Nejezchleb,LW,NYR,false
i02ug3,Richard Ullberg,G,(N/A),false
i004qe,Richie Regehr,D,(N/A),false
i03wnv,Rick Pinkston,D,(N/A),false
i0267l,Rick Schofield,C,(N/A),false
i048xa,Rickard Hugg,C,(N/A),false
i06mql,Rico Gredig,LW,NYR,false
i05ymr,Rieger Lorenz,C,MIN,false
i05yg8,Riese Gaber,RW,FLA,false
i03dmp,Rihards Bukarts,RW,(N/A),false
i004jv,Riku Helenius,G,TBL,false
i062q1,Riku Tohila,C,CHI,false
i06pu7,Rilen Kovacevic,RW,COL,false
i00462,Riley Armstrong,RW,(N/A),false
i02oav,Riley Barber,RW,(N/A),false
i06h1n,Riley Bezeau,RW,CBJ,false
i01zsg,Riley Boychuk,LW,(N/A),false
i038oi,Riley Brace,RW,(N/A),false
i03rjs,Riley Bruce,D,CGY,false
i04r02,Riley Damiani,C,(N/A),false
i05oy6,Riley Duran,C,BOS,false
i004pd,Riley Emmerson,D,EDM,false
i065jl,Riley Fiddler-Schultz,LW,BUF,false
i038ka,Riley Gill,G,WSH,false
i05ram,Riley Heidt,C,MIN,false
i003en,Riley Holzapfel,C,(N/A),false
i04r1p,Riley Hughes,RW,FLA,false
i05tuy,Riley Kidney,C,(N/A),false
i05g3v,Riley McCourt,D,(N/A),false
i05xdb,Riley McKay,LW,VGK,false
i065g1,Riley Mercer,G,MIN,false
i06m7l,Riley Patterson,C,VAN,false
i064wo,Riley Piercey,LW,(N/A),false
i063k7,Riley Sawchuk,C,DET,false
i04qyt,Riley Stotts,C,TOR,false
i04qz0,Riley Sutter,RW,WSH,false
i06rqo,Riley Thompson,LW,PHI,false
i03zun,Riley Tufte,LW,NJD,false
i038ta,Riley Wetmore,C,CBJ,false
i03ebc,Rinat Valiev,D,(N/A),false
i0725b,Roan Woodward,C,(N/A),false
i0055j,Rob Bellamy,RW,(N/A),false
i01szf,Rob Bordson,C,(N/A),false
i01zqd,Rob Flick,C,(N/A),false
i05984,Rob Hamilton,D,COL,false
i01zjs,Rob Hisey,C,(N/A),false
i01fj8,Rob Kwiet,D,BOS,false
i038n6,Rob Madore,G,TOR,false
i03yg1,Rob McGovern,G,(N/A),false
i0597a,Rob Michel,D,PHI,false
i02yco,Rob O'Gara,D,FLA,false
i02o7x,Robbie Baillargeon,C,(N/A),false
i0049o,Robbie Earl,LW,(N/A),false
i04w4z,Robbie Payne,RW,(N/A),false
i02dq7,Robbie Russo,D,UTA,false
i04f8t,Robbie Stucker,D,CBJ,false
i0243r,Robby Dee,C,EDM,false
i04cbs,Robby Fosdick,D,(N/A),false
i04nkz,Robby Jackson,C,STL,false
i05uh4,Robert Baco,RW,(N/A),false
i05m6k,Robert Calisti,D,BUF,false
i03kiw,Robert Carpenter,LW,(N/A),false
i023rz,Robert Czarnik,C,(N/A),false
i05ugl,Robert Flinton,LW,TBL,false
i050mo,Robert Lantosi,RW,(N/A),false
i04zp6,Robert Mastrosimone,C,FLA,false
i05u0l,Robert Orr,C,(N/A),false
i02ug1,Robert Rosen,C,(N/A),false
i01cwj,Robert Slaney,LW,(N/A),false
i076rd,Roberto Henriquez,G,BOS,false
i05yjz,Roberts Bukarts,LW,(N/A),false
i03aof,Roberts Lipsbergs,LW,(N/A),false
i005h5,Robin Figren,LW,(N/A),false
i03rfd,Robin Kovacs,RW,(N/A),false
i031px,Robin Norell,D,(N/A),false
i031va,Robin Press,D,(N/A),false
i04apa,Robin Salo,D,(N/A),false
i05k8a,Roby Jarventie,LW,EDM,false
i051vf,Roddy Ross,G,PHI,false
i03rxe,Rodrigo Abols,C,(N/A),false
i061jl,Rodwin Dionicio,D,(N/A),false
i049fs,Roger Karrer,D,(N/A),false
i06imm,Roger McQueen,RW,ANA,false
i0392k,Roland McKeown,D,SJS,false
i03yek,Romain Loeffel,D,(N/A),false
i05gcz,Roman Ahcan,LW,CBJ,false
i05o6l,Roman Basran,G,(N/A),false
i06tmi,Roman Bausov,D,CAR,false
i051v2,Roman Bychkov,D,BOS,false
i01skp,Roman Cervenka,C,(N/A),false
i027c8,Roman Derlyuk,D,(N/A),false
i04obg,Roman Durny,G,(N/A),false
i048y9,Roman Dyukov,D,CGY,false
i06bdr,Roman Kantserov,RW,CHI,false
i0637v,Roman Kechter,C,(N/A),false
i06qqc,Roman Luttsev,C,TBL,false
i0415m,Roman Lyubimov,LW,(N/A),false
i03yg0,Roman Manukhov,D,(N/A),false
i04xc2,Roman Pucek,LW,TOR,false
i05u11,Roman Schmidt,D,MIN,false
i06mjj,Roman Shokhrin,D,CAR,false
i004n5,Roman Voloshenko,LW,(N/A),false
i01sko,Roman Wick,RW,(N/A),false
i03cvn,Roman Will,G,(N/A),false
i05yk2,Ronald Knot,D,UTA,false
i033m3,Ronalds Kenins,LW,(N/A),false
i05lu4,Ronan Seeley,D,CAR,false
i05ke1,Roni Hirvonen,C,TOR,false
i060yg,Roni Karvinen,LW,(N/A),false
i050mn,Ronnie Attard,D,DET,false
i04f2b,Roope Laavainen,D,CHI,false
i05r9k,Roope Taponen,G,(N/A),false
i05ltq,Rory Kerins,C,CGY,false
i06h79,Ross MacDougall,D,(N/A),false
i03ary,Ross Mauermann,LW,(N/A),false
i03ed7,Rourke Chartier,C,(N/A),false
i03riy,Roy Radke,RW,CHI,false
i05lty,Ruben Rafkin,D,(N/A),false
i05yk7,Rudi Ying,C,(N/A),false
i075zc,Rudolfs Berzkalns,C,EDM,false
i06c9h,Rudy Guimond,G,DET,false
i05ykc,Ruinan Yan,D,(N/A),false
i031uo,Rushan Rafikov,D,CGY,false
i05oz0,Ruslan Abrosimov,C,(N/A),false
i01mz2,Ruslan Bashkirov,LW,OTT,false
i060oj,Ruslan Gazizov,LW,(N/A),false
i04qy1,Ruslan Iskhakov,C,NYI,false
i06c31,Ruslan Khazheyev,G,CAR,false
i03c6n,Ruslan Pedan,D,(N/A),false
i05r1b,Rutger McGroarty,LW,PIT,false
i04m65,Ryall Ledyard,RW,(N/A),false
i06l3i,Ryan Barbosa,D,(N/A),false
i03rk1,Ryan Bednard,G,LAK,false
i0689x,Ryan Bischel,G,BOS,false
i07af1,Ryan Bottrill,LW,NYI,false
i01gjm,Ryan Bourque,C,NYI,false
i076xn,Ryan Brown,LW,DAL,false
i0244u,Ryan Button,D,(N/A),false
i06uwe,Ryan Cameron,G,EDM,false
i05rju,Ryan Chesley,D,WSH,false
i04rfe,Ryan Chyzowski,LW,VGK,false
i03y52,Ryan Cloonan,LW,(N/A),false
i03eau,Ryan Collins,D,(N/A),false
i06be3,Ryan Conmy,RW,LAK,false
i02o7m,Ryan Culkin,D,MTL,false
i015j4,Ryan Dingle,LW,(N/A),false
i004mj,Ryan Donally,LW,(N/A),false
i022i7,Ryan Duncan,RW,(N/A),false
i05y3j,Ryan Fanti,G,TBL,false
i03arx,Ryan Faragher,G,(N/A),false
i06bac,Ryan Fine,RW,(N/A),false
i031q6,Ryan Fitzgerald,C,PHI,false
i01t67,Ryan Flynn,RW,(N/A),false
i03kiu,Ryan Foss,C,(N/A),false
i05ltv,Ryan Francis,RW,LAK,false
i079g6,Ryan Franks,LW,NYI,false
i015sv,Ryan Garlock,C,NYR,false
i03km3,Ryan Graham,LW,(N/A),false
i03rev,Ryan Gropp,LW,(N/A),false
i03a96,Ryan Haggerty,RW,(N/A),false
i060uz,Ryan Healey,D,NYI,false
i02yed,Ryan Hegarty,D,(N/A),false
i0057k,Ryan Hillier,LW,(N/A),false
i03etf,Ryan Hitchcock,LW,NYI,false
i062q8,Ryan Hofer,RW,(N/A),false
i061i4,Ryan Hopkins,D,(N/A),false
i038od,Ryan Horvat,LW,(N/A),false
i01o8y,Ryan Howse,RW,(N/A),false
i06425,Ryan Humphrey,LW,(N/A),false
i04zp5,Ryan Johnson,D,BUF,false
i03rya,Ryan Johnston,D,TOR,false
i043r4,Ryan Jones,D,TBL,false
i01dor,Ryan Keller,RW,(N/A),false
i0667d,Ryan Kirwan,LW,TOR,false
i04n1k,Ryan Kuffner,LW,(N/A),false
i031ox,Ryan Kujawinski,C,(N/A),false
i03roc,Ryan Larkin,G,(N/A),false
i02jpc,Ryan Lasch,RW,(N/A),false
i070fm,Ryan Lin,D,SJS,false
i0430t,Ryan Lohin,C,NYR,false
i03m0o,Ryan Lowe,G,(N/A),false
i03db0,Ryan MacInnis,C,(N/A),false
i03k84,Ryan MacKinnon,D,OTT,false
i06cmr,Ryan MacPherson,C,PHI,false
i003wo,Ryan Maki,RW,(N/A),false
i03ec2,Ryan Mantha,D,(N/A),false
i01zqj,Ryan Martindale,C,TBL,false
i048zl,Ryan Massa,G,TOR,false
i05ug2,Ryan Mast,D,(N/A),false
i063vn,Ryan McAllister,C,(N/A),false
i05uhh,Ryan McCleary,D,TOR,false
i04f7y,Ryan McGregor,LW,UTA,false
i07ad0,Ryan McGuire,C,(N/A),false
i02yhh,Ryan McKay,G,(N/A),false
i04ajk,Ryan Merkley,D,(N/A),false
i06uvv,Ryan Miller,LW,PIT,false
i02ych,Ryan Misiak,F,(N/A),false
i049k6,Ryan Moore,LW,TOR,false
i04f8m,Ryan O'Connell,D,(N/A),false
i003qk,Ryan O'Marra,C,(N/A),false
i04qz4,Ryan O'Reilly,RW,(N/A),false
i05kjc,Ryan O'Rourke,D,(N/A),false
i02oao,Ryan Olsen,C,STL,false
i003pq,Ryan Oulahen,LW,(N/A),false
i04f6p,Ryan Peckford,C,(N/A),false
i03sr4,Ryan Penny,LW,OTT,false
i03rij,Ryan Pilon,D,NYI,false
i03ecq,Ryan Rehill,D,NJD,false
i06bma,Ryan Roobroeck,C,CHI,false
i06xv9,Ryan Rucinski,RW,BUF,false
i02oal,Ryan Rupert,C,(N/A),false
i004kj,Ryan Russell,LW,(N/A),false
i05zdf,Ryan Sandelin,C,MIN,false
i04rip,Ryan Savage,RW,(N/A),false
i04xca,Ryan Scarfo,LW,BUF,false
i04xcl,Ryan Schmelzer,C,NJD,false
i03klx,Ryan Schnell,LW,(N/A),false
i031q5,Ryan Segalla,D,PIT,false
i06awd,Ryan Siedem,D,NYR,false
i02b6x,Ryan Sproul,D,(N/A),false
i05td6,Ryan St. Louis,LW,(N/A),false
i004se,Ryan Steeves,C,(N/A),false
i01ceo,Ryan Stoa,C,(N/A),false
i003kx,Ryan Stokes,D,(N/A),false
i0045v,Ryan Stone,C,(N/A),false
i04mv1,Ryan Suzuki,C,OTT,false
i07af3,Ryan Tattle,LW,BOS,false
i02frl,Ryan Tesink,C,(N/A),false
i01t01,Ryan Thang,RW,(N/A),false
i05oyk,Ryan Tverberg,C,TOR,false
i05td4,Ryan Ufko,D,NSH,false
i04xbd,Ryan Van Stralen,RW,EDM,false
i048kv,Ryan Verbeek,LW,TBL,false
i03bap,Ryan Vinz,G,(N/A),false
i04xas,Ryan Wagner,C,COL,false
i06ckx,Ryan Walsh,C,BOS,false
i02yca,Ryan Walters,LW,MIN,false
i059u7,Ryan Watson,D,(N/A),false
i03btn,Ryan Zapolski,G,(N/A),false
i03rim,Ryan Zuhlsdorf,D,(N/A),false
i073pv,Ryden Evers,LW,SEA,false
i0760x,Ryder Cali,C,FLA,false
i04zp3,Ryder Donovan,C,VGK,false
i075kl,Ryder Fetterolf,G,CAR,false
i05tqm,Ryder Korczak,C,TBL,false
i06hcs,Ryder Ritchie,RW,MIN,false
i05lu7,Ryder Rolston,C,(N/A),false
i07a2p,Ryerson Edgar,C,(N/A),false
i06jhg,Ryerson Leenders,G,BUF,false
i06sqm,Ryker Lee,RW,NSH,false
i06xxi,Rylan Fellinger,D,TOR,false
i005ib,Rylan Kaip,C,(N/A),false
i04940,Rylan Parenteau,G,VAN,false
i02h3h,Rylan Schwartz,C,(N/A),false
i076xm,Rylan Singh,D,SEA,false
i04b07,Rylan Toth,G,(N/A),false
i060xh,Rylen Roersma,C,(N/A),false
i01fhb,Ryley Grantham,LW,(N/A),false
i049kr,Ryley Lindgren,C,(N/A),false
i066q1,Sacha Boisvert,C,CHI,false
i038sz,Sacha Guimond,D,VAN,false
i03kh4,Sahir Gill,C,(N/A),false
i06be6,Saige Weinstein,D,COL,false
i04yru,Sakari Manninen,C,VGK,false
i03f2a,Sakari Salminen,RW,(N/A),false
i031ul,Saku Salminen,C,TBL,false
i06c1w,Salvatore Guzzo,RW,(N/A),false
i065fx,Sam Alfano,RW,(N/A),false
i03aqr,Sam Anas,C,WSH,false
i01zs9,Sam Brittain,G,COL,false
i05kj7,Sam Colangelo,RW,ANA,false
i0662r,Sam Harris,LW,MTL,false
i04r1l,Sam Hentges,LW,MIN,false
i048zi,Sam Herr,LW,(N/A),false
i02g2c,Sam Jardine,D,TOR,false
i01gat,Sam Klassen,D,(N/A),false
i02nph,Sam Kurker,RW,LAK,false
i06rqk,Sam Laurila,D,NYI,false
i05ugy,Sam Lipkin,LW,UTA,false
i03d25,Sam Lofquist,D,STL,false
i06mr4,Sam McCue,LW,TOR,false
i04l7t,Sam Miletic,LW,(N/A),false
i06kxn,Sam Morton,LW,CGY,false
i06kr3,Sam O'Reilly,C,TBL,false
i071wu,Sam Oliver,C,(N/A),false
i05yms,Sam Rinzel,D,CHI,false
i03rgx,Sam Ruopp,D,(N/A),false
i068yg,Sam Sedley,D,(N/A),false
i05oxo,Sam Stange,RW,STL,false
i04az1,Sam Vigneault,C,(N/A),false
i03aow,Sam Warning,RW,(N/A),false
i01zs4,Sami Aittokallio,G,(N/A),false
i04geh,Sami Moilanen,RW,(N/A),false
i03rju,Sami Niku,D,MTL,false
i075s6,Sami Päivärinta,C,(N/A),false
i03d0h,Sami Salminen,RW,(N/A),false
i04qyo,Sampo Ranta,LW,COL,false
i076jh,Samu Alalauri,D,CHI,false
i060xn,Samu Bau,C,UTA,false
i02bhw,Samu Perhonen,G,EDM,false
i05r30,Samu Salminen,C,FLA,false
i04zj2,Samu Tuomaala,RW,(N/A),false
i0510m,Samuel Asselin,LW,NYI,false
i051ti,Samuel Bolduc,D,OTT,false
i04ml2,Samuel Bucek,LW,(N/A),false
i01zui,Samuel Carrier,D,WSH,false
i03rg6,Samuel Dove-McFalls,LW,CGY,false
i076ym,Samuel Eriksson,D,VAN,false
i04rnb,Samuel Fagemo,LW,WPG,false
i02ob4,Samuel Fejes,LW,UTA,false
i06ce3,Samuel Fiala,C,(N/A),false
i04m8y,Samuel Harvey,G,(N/A),false
i038mv,Samuel Henley,C,(N/A),false
i05a0s,Samuel Hlavaj,G,TOR,false
i06axc,Samuel Honzek,C,CGY,false
i04qzz,Samuel Houde,C,PIT,false
i076wl,Samuel Hrenak,G,WPG,false
i065d5,Samuel Huo,C,CBJ,false
i05lu0,Samuel Johannesson,D,(N/A),false
i062pr,Samuel Jonsson,G,EDM,false
i06xws,Samuel Jung,RW,NYR,false
i05ltg,Samuel Knazko,D,(N/A),false
i03wm8,Samuel Laberge,LW,SJS,false
i0626x,Samuel Mayer,D,VGK,false
i06tak,Samuel Meloche,G,BUF,false
i0243k,Samuel Morneau,RW,CAR,false
i02fsn,Samuel Noreau,D,(N/A),false
i04amf,Samuel Poulin,RW,MTL,false
i06awk,Samuel Richard,G,TOR,false
i0618k,Samuel Savoie,C,CHI,false
i051u9,Samuel Sjolund,D,EDM,false
i06idp,Samuel St-Hilaire,G,(N/A),false
i06c1r,Samuel Urban,G,(N/A),false
i04f8j,Samuel Walker,C,UTA,false
i06cfi,Sander-Vold Engebraten,D,(N/A),false
i061a2,Sandis Vilmanis,LW,FLA,false
i0440i,Sang-Hoon Shin,C,(N/A),false
i051wc,Santeri Airola,D,PIT,false
i05225,Santeri Haarala,LW,(N/A),false
i051vr,Santeri Hatakka,D,NJD,false
i06r6e,Santeri Huovila,LW,(N/A),false
i031sr,Santeri Saari,D,(N/A),false
i04rfj,Santeri Salmela,D,(N/A),false
i060v9,Santeri Sulku,C,PHI,false
i04f21,Santeri Virtanen,C,(N/A),false
i065fz,Santino Centorame,D,MTL,false
i04r1i,Santtu Kinnunen,D,FLA,false
i06lor,Sascha Boumedienne,D,WPG,false
i0598c,Sasha Larocque,D,(N/A),false
i04ldc,Sasha Mutala,RW,COL,false
i05oyv,Sasha Pastujov,RW,MTL,false
i004cs,Sasha Pokulok,D,(N/A),false
i05tzl,Sasha Teleguine,LW,(N/A),false
i04l7n,Saverio Posa,D,(N/A),false
i01zuh,Sawyer Hannay,D,(N/A),false
i06bak,Sawyer Mynio,D,VAN,false
i04gej,Scooter Brickey,D,PIT,false
i03knz,Scooter Vaughan,RW,(N/A),false
i048t5,Scott Allen,LW,(N/A),false
i02ir3,Scott Arnold,RW,(N/A),false
i038sm,Scott Campbell,RW,BOS,false
i04805,Scott Conway,C,(N/A),false
i03aot,Scott Czarnowczan,D,(N/A),false
i01f3f,Scott Glennie,RW,(N/A),false
i038kb,Scott Greenham,G,(N/A),false
i00qkv,Scott Jackson,D,(N/A),false
i02j3u,Scott Kishel,D,MTL,false
i02npv,Scott Kosmachuk,RW,(N/A),false
i004o5,Scott Lehman,D,(N/A),false
i04xax,Scott Moldenhauer,D,(N/A),false
i05rj2,Scott Morrow,D,NYR,false
i02g2b,Scott Oke,LW,(N/A),false
i04xc1,Scott Pooley,RW,TOR,false
i064wl,Scott Ratzlaff,G,BUF,false
i048x5,Scott Reedy,C,(N/A),false
i03etd,Scott Savage,D,NSH,false
i01n8f,Scott Stajcer,G,(N/A),false
i01mep,Scott Timmins,C,(N/A),false
i05xd5,Scott Truman,LW,(N/A),false
i023fx,Scott Valentine,D,(N/A),false
i04f19,Scott Walford,D,TBL,false
i01n7j,Scott Winkler,C,DAL,false
i058t9,Seamus Casey,D,NJD,false
i061wa,Seamus Powell,D,(N/A),false
i01t64,Sean Backman,RW,(N/A),false
i06tao,Sean Barnhill,D,NYR,false
i05tl5,Sean Behrens,D,COL,false
i04m5z,Sean Brown,RW,(N/A),false
i076qb,Sean Burick,D,VGK,false
i004nx,Sean Collins,D,(N/A),false
i02j1k,Sean Collins,C,(N/A),false
i05978,Sean Comrie,D,(N/A),false
i003fn,Sean Curry,D,(N/A),false
i035vk,Sean Day,D,NYI,false
i05kog,Sean Farrell,C,ANA,false
i04l1j,Sean Josling,RW,DET,false
i06c4a,Sean Keohane,D,BUF,false
i02o7f,Sean Maguire,G,(N/A),false
i031sf,Sean Malone,LW,(N/A),false
i06avk,Sean McGurn,C,CBJ,false
i048ku,Sean O'Rourke,D,TBL,false
i0597m,Sean Romeo,G,(N/A),false
i004lj,Sean Sullivan,D,(N/A),false
i05td9,Sean Tschigerl,LW,(N/A),false
i06clk,Sebastian Bradshaw,LW,DAL,false
i02jxx,Sebastian Collberg,RW,(N/A),false
i05o01,Sebastian Cossa,G,UTA,false
i026t1,Sebastian Erixon,D,(N/A),false
i0385q,Sebastian Geoffrion,LW,(N/A),false
i04zix,Sebastian Heden,LW,(N/A),false
i03sd7,Sebastian Olsson,C,(N/A),false
i01zro,Sebastian Owuya,D,(N/A),false
i03xmb,Sebastian Repo,RW,(N/A),false
i06mh0,Sebastian Soini,D,MIN,false
i024j6,Sebastian Stalberg,RW,(N/A),false
i02ye9,Sebastian Stefaniszin,G,(N/A),false
i04a67,Sebastian Vidmar,RW,(N/A),false
i04f7i,Sebastian Walfridsson,D,WSH,false
i01zv9,Sebastian Wannstrom,RW,(N/A),false
i003pz,Sebastien Bisaillon,D,MTL,false
i01mls,Sebastien Piche,D,(N/A),false
i03svx,Sebastien Sylvestre,C,(N/A),false
i051ud,Semyon Chistyakov,D,NSH,false
i05ycq,Semyon Demidov,LW,(N/A),false
i04qyn,Semyon Der-Arguchintsev,C,TOR,false
i06qqe,Semyon Frolov,G,CAR,false
i04r1m,Semyon Kizimov,RW,TOR,false
i079wh,Semyon Simonov,W,(N/A),false
i061l5,Semyon Sinyatkin,RW,(N/A),false
i05tpw,Semyon Vyazovoy,G,SEA,false
i025nk,Sena Acolatse,D,(N/A),false
i05mwg,Senna Peeters,RW,(N/A),false
i01bvi,Sergei Anshakov,LW,PIT,false
i03riv,Sergei Boikov,D,COL,false
i02cym,Sergei Chvanov,C,(N/A),false
i05uc3,Sergei Dubakin,LW,(N/A),false
i03afu,Sergei Gaiduchenko,G,FLA,false
i024j3,Sergei Gayduchenko,G,(N/A),false
i072fp,Sergei Goncharuk,LW,(N/A),false
i05yme,Sergei Ivanov,G,CBJ,false
i005k8,Sergei Kolosov,D,(N/A),false
i0055p,Sergei Korostin,RW,DAL,false
i02pk0,Sergei Kostenko,G,WSH,false
i061i2,Sergei Murashov,G,PIT,false
i01eyz,Sergei Ogorodnikov,C,(N/A),false
i03cvc,Sergei Plotnikov,LW,(N/A),false
i0599f,Sergei Sapego,D,TOR,false
i01hg8,Sergei Shirokov,LW,(N/A),false
i03o28,Sergei Shmelyov,LW,(N/A),false
i03yxe,Sergei Shumakov,RW,(N/A),false
i05yk4,Sergei Telegin,D,(N/A),false
i01nlk,Sergey Andronov,RW,(N/A),false
i03734,Sergey Tolchinsky,LW,(N/A),false
i03rfr,Sergey Zborovskiy,D,NYR,false
i04n1w,Serron Noel,RW,(N/A),false
i060n9,Servac Petrovsky,C,MIN,false
i01n8c,Seth Ambroz,RW,(N/A),false
i04qyr,Seth Barton,D,NYR,false
i04m6l,Seth Glanowski,D,(N/A),false
i02j3z,Seth Helgeson,D,NYI,false
i04xdz,Severi Lahtinen,LW,(N/A),false
i01v7d,Severin Blindenbacher,D,DAL,false
i07a2d,Shaeffer Gordon-Carroll,F,(N/A),false
i05tug,Shai Buium,D,DET,false
i06sqa,Shamar Moses,RW,FLA,false
i04r1e,Shamil Shmakov,G,COL,false
i03knr,Shane Berschbach,RW,(N/A),false
i048x8,Shane Bowers,C,SJS,false
i03xu4,Shane Conacher,RW,(N/A),false
i03eby,Shane Eiserman,C,OTT,false
i03ecs,Shane Gersich,LW,(N/A),false
i04l85,Shane Hanna,D,(N/A),false
i01spk,Shane Harper,RW,(N/A),false
i05ug5,Shane Lachance,LW,NJD,false
i02fsm,Shane McColgan,RW,(N/A),false
i03ko0,Shane Owen,G,(N/A),false
i04nx2,Shane Sellar,LW,(N/A),false
i0243m,Shane Sims,D,(N/A),false
i04btf,Shane Starrett,G,(N/A),false
i06pz0,Shane Vansaghi,RW,PHI,false
i04844,Shane Walsh,RW,LAK,false
i004b3,Shaun Heshka,D,(N/A),false
i04l82,Shaw Boomhower,LW,(N/A),false
i003tw,Shawn Belle,D,(N/A),false
i04nqy,Shawn Boudrias,RW,MIN,false
i06yfy,Shawn Carrier,LW,COL,false
i05r1h,Shawn Element,LW,TBL,false
i02j0n,Shawn Hunwick,G,(N/A),false
i015oy,Shawn Lalonde,D,(N/A),false
i038sw,Shawn O'Donnell,RW,(N/A),false
i048tj,Shawn St-Amant,LW,MTL,false
i02vl8,Shawn Szydlowski,RW,(N/A),false
i004m2,Shawn Weller,LW,(N/A),false
i02you,Shayne Taker,D,(N/A),false
i02fre,Shayne Wiebe,C,(N/A),false
i06xwz,Shea Busch,LW,FLA,false
i02j3w,Shea Guthrie,RW,(N/A),false
i06r6d,Shea Van Olm,LW,(N/A),false
i04m7o,Sheldon Rempal,LW,(N/A),false
i06xwx,Sigge Holmgren,D,NJD,false
i075w7,Simas Ignatavicius,C,FLA,false
i0243x,Simon Bertilsson,D,PHI,false
i03rj9,Simon Bourque,D,MTL,false
i03c6m,Simon Dahl,RW,(N/A),false
i01f8p,Simon Danis-Pepin,D,(N/A),false
i04l2a,Simon Denis,D,(N/A),false
i060oo,Simon Forsmark,D,CAR,false
i023oy,Simon Gysbers,D,(N/A),false
i01mm0,Simon Hjalmarsson,RW,(N/A),false
i05yk1,Simon Hrubec,G,(N/A),false
i04r08,Simon Johansson,D,(N/A),false
i02g1l,Simon Karlsson,D,NSH,false
i06r62,Simon Katolicky,LW,CGY,false
i04r0i,Simon Kjellberg,D,NYR,false
i05nxy,Simon Knak,RW,NSH,false
i05lum,Simon Kubicek,D,(N/A),false
i02g1r,Simon Lacroix,D,NYI,false
i05rky,Simon Latkoczy,G,(N/A),false
i065gu,Simon Lavigne,D,(N/A),false
i06poo,Simon Lovsin,RW,ANA,false
i051tg,Simon Lundmark,D,TBL,false
i06rrm,Simon Mack,D,CGY,false
i030y1,Simon Moser,C,(N/A),false
i05u4k,Simon Motew,D,(N/A),false
i05o00,Simon Robertsson,RW,STL,false
i05rbe,Simon Ryfors,C,TBL,false
i043f4,Simon Stransky,LW,(N/A),false
i07ad1,Simon Tassy,RW,(N/A),false
i064ap,Simon Wolf,G,(N/A),false
i05gvr,Simon Zajicek,G,BOS,false
i06mbk,Simon Zether,C,FLA,false
i06mq9,Simon-Pier Brunet,D,BUF,false
i06jh9,Sisu-Petteri Lehtonen,D,(N/A),false
i04f83,Skyler Brind'Amour,C,CAR,false
i04f8i,Skyler McKenzie,C,(N/A),false
i04qz5,Slava Demin,D,MTL,false
i06pp7,Sloan Stanick,LW,VGK,false
i06hbj,Solag Bakich,LW,DAL,false
i01zta,Sondre Olden,LW,(N/A),false
i03wh5,Spencer Asuchak,RW,(N/A),false
i076hn,Spencer Bowes,C,NYR,false
i04abc,Spencer Foo,C,(N/A),false
i06lv0,Spencer Gill,D,PHI,false
i03ksk,Spencer Humphries,D,(N/A),false
i04nrt,Spencer Naas,LW,(N/A),false
i03ria,Spencer Smallman,RW,WSH,false
i05yn5,Spencer Sova,D,(N/A),false
i03eeq,Spencer Watson,RW,(N/A),false
i03l5c,Spiro Goulakos,D,(N/A),false
i06yoe,Stanislav Berezhnoy,G,CHI,false
i01zvb,Stanislav Galiev,RW,(N/A),false
i03bqk,Stanislav Galimov,G,(N/A),false
i05rf0,Stanislav Svozil,D,CBJ,false
i06ckk,Stanislav Yarovoi,RW,CAR,false
i05o4k,Stas Petrosyan,RW,(N/A),false
i0058z,Stefan Chaput,C,(N/A),false
i01cfl,Stefan Della Rovere,LW,TOR,false
i0320y,Stefan Fournier,RW,(N/A),false
i04l7m,Stefan LeBlanc,D,VAN,false
i005h3,Stefan Legein,RW,(N/A),false
i05yjk,Stefan Loibl,RW,(N/A),false
i003s0,Stefan Meyer,C,(N/A),false
i06qw9,Stefan Milosevic,D,(N/A),false
i01yqh,Stefan Ridderwall,G,NYI,false
i0043l,Stefan Ruzicka,RW,(N/A),false
i01t6b,Stefan Schneider,C,(N/A),false
i0057g,Stefano Giliati,LW,(N/A),false
i03kh6,Stefano Momesso,LW,MTL,false
i04aau,Stefanos Lekkas,G,(N/A),false
i02dqa,Steffen Soberg,G,WSH,false
i03w84,Stelio Mattheos,RW,CAR,false
i03yns,Stepan Falkovsky,D,(N/A),false
i06mqr,Stepan Gorbunov,C,FLA,false
i06tms,Stepan Hoch,LW,UTA,false
i05uh6,Stepan Nikulin,LW,(N/A),false
i076yf,Stepan Shurygin,G,TBL,false
i04yez,Stepan Starkov,LW,(N/A),false
i06cl0,Stepan Zvyagin,LW,FLA,false
i06jh8,Stephane Charlin,G,(N/A),false
i0243w,Stephane Da Costa,C,(N/A),false
i004ok,Stephane Goulet,LW,(N/A),false
i03tin,Stephen Baylis,LW,(N/A),false
i04l3u,Stephen Collins,LW,(N/A),false
i03riq,Stephen Desrocher,D,(N/A),false
i043cp,Stephen Dhillon,G,DET,false
i003d7,Stephen Dixon,C,(N/A),false
i048vx,Stephen Gibson,D,(N/A),false
i05ogy,Stephen Halliday,LW,OTT,false
i03c9a,Stephen Harper,RW,(N/A),false
i01n7f,Stephen Johnston,LW,DET,false
i01zst,Stephen MacAulay,C,(N/A),false
i06c9d,Stephen Peck,G,(N/A),false
i04l7p,Stephen Perfetto,C,(N/A),false
i02ftr,Stephen Schultz,RW,(N/A),false
i01zrb,Stephen Silas,D,(N/A),false
i031ps,Stephon Williams,G,(N/A),false
i048xq,Steve McParland,LW,(N/A),false
i02fze,Steve Michalek,G,(N/A),false
i02yqr,Steve Moses,RW,(N/A),false
i02452,Steve Quailer,LW,(N/A),false
i003zs,Steve Regier,LW,(N/A),false
i03a82,Steve Summerhays,G,(N/A),false
i00489,Steve Wagner,D,(N/A),false
i004cz,Steve Werner,RW,WSH,false
i0057z,Steve Zalewski,C,(N/A),false
i023oz,Steven Anthony,LW,(N/A),false
i01ud2,Steven Delisle,D,(N/A),false
i02dq5,Steven Fogarty,C,(N/A),false
i003mg,Steven Goertzen,RW,(N/A),false
i02nq9,Steven Hodges,C,(N/A),false
i03ecg,Steven Johnson,D,PHI,false
i004nq,Steven Pinizzotto,RW,(N/A),false
i03rja,Steven Ruggiero,D,(N/A),false
i01zqb,Steven Shipley,C,(N/A),false
i038so,Steven Spinell,D,BOS,false
i03edh,Steven Spinner,RW,WSH,false
i048lh,Steven Swaveley,RW,PHI,false
i03kgy,Steven Trojanovic,D,(N/A),false
i02zln,Steven Whitney,RW,WSH,false
i06mra,Stevie Leskovar,D,MIN,false
i06lv6,Stian Solberg,D,ANA,false
i05uex,Stiven Sardarian,RW,CAR,false
i05nfp,Strauss Mann,G,MTL,false
i02b3j,Stuart Percy,D,(N/A),false
i05td7,Stuart Rolofs,LW,(N/A),false
i06cla,Sutter Muzzatti,RW,DET,false
i06cg0,Svante Sjodin,C,(N/A),false
i01cxd,T.J. Brennan,D,(N/A),false
i005jc,T.J. Fast,D,(N/A),false
i038k2,T.J. Foster,LW,TOR,false
i004nn,T.J. Fox,C,(N/A),false
i067xd,T.J. Hughes,RW,COL,false
i04l7q,T.J. Melancon,D,(N/A),false
i01n7d,T.J. Miller,D,NJD,false
i060yw,T.J. Semptimphelter,G,NSH,false
i038k7,T.J. Syner,LW,WSH,false
i003gk,T.J. Trevelyan,LW,(N/A),false
i02bhx,T.J. Tynan,C,COL,false
i04lcw,T.J. Walsh,LW,(N/A),false
i04zpa,Tag Bertuzzi,C,NJD,false
i04m67,Taggart Ledyard,D,(N/A),false
i05uek,Taige Harding,D,CHI,false
i03rrk,Takov Rylov,D,(N/A),false
i05tdc,Talyn Boyko,G,(N/A),false
i06cdu,Tanner Adams,RW,NYI,false
i07a2b,Tanner Adams,C,(N/A),false
i05ny2,Tanner Dickinson,C,STL,false
i03kh3,Tanner Eberle,RW,(N/A),false
i03ecx,Tanner Faith,D,MIN,false
i048t6,Tanner Fritz,C,NYI,false
i06mjp,Tanner Henricks,D,CBJ,false
i0264t,Tanner House,RW,(N/A),false
i066q5,Tanner Howe,LW,PIT,false
i059ea,Tanner Jago,D,(N/A),false
i04dlo,Tanner Jaillet,G,(N/A),false
i042xb,Tanner Kaspick,LW,SJS,false
i042yl,Tanner Laczynski,C,VGK,false
i06hrh,Tanner Latsch,C,(N/A),false
i03squ,Tanner Lomsnes,LW,(N/A),false
i06bdx,Tanner Ludtke,C,UTA,false
i04vnj,Tanner MacMaster,LW,TOR,false
i06axs,Tanner Molendyk,D,NSH,false
i04wxz,Tanner Pond,RW,NYI,false
i02npw,Tanner Richard,C,(N/A),false
i0599r,Tanner Sorenson,C,VAN,false
i03p3j,Taran Kozun,G,(N/A),false
i06mb7,Tarin Smith,D,ANA,false
i04n8v,Tariq Hammond,D,WSH,false
i042ws,Tarmo Reunanen,D,CAR,false
i04y5d,Taro Hirose,LW,(N/A),false
i051xa,Taro Jentzsch,LW,(N/A),false
i05x9p,Tarun Fizer,RW,OTT,false
i03rk5,Tate Olson,D,(N/A),false
i023p2,Taylor Aronson,D,(N/A),false
i03kly,Taylor Burke,C,(N/A),false
i031oz,Taylor Cammarata,C,(N/A),false
i00468,Taylor Dakers,G,(N/A),false
i01mz7,Taylor Doherty,D,(N/A),false
i01c9r,Taylor Ellington,D,(N/A),false
i051xh,Taylor Gauthier,G,PIT,false
i02o7j,Taylor Leier,LW,(N/A),false
i05ugu,Taylor Makar,LW,COL,false
i02fsx,Taylor Peters,C,(N/A),false
i027cv,Taylor Stefishen,LW,(N/A),false
i03m1s,Taylor Vause,C,(N/A),false
i05xwt,Taylor Ward,C,LAK,false
i03mpb,Teddy Doherty,D,(N/A),false
i076xv,Teddy Lechner,D,COL,false
i06tb0,Teddy Mutryn,C,SJS,false
i07ag8,Teddy Spitznagel,LW,(N/A),false
i06lur,Teddy Stiga,LW,NSH,false
i06c4c,Teddy Townsend,LW,(N/A),false
i02i02,Teemu Eronen,D,STL,false
i01npq,Teemu Hartikainen,C,(N/A),false
i031qq,Teemu Kivihalme,D,TOR,false
i004n3,Teemu Laakso,D,(N/A),false
i04yjv,Teemu Turunen,LW,(N/A),false
i06lkx,Terik Parascak,RW,WSH,false
i031qi,Terrance Amorosa,D,MTL,false
i06c76,Terrell Goldsmith,D,UTA,false
i02igg,Terry Broadhurst,LW,(N/A),false
i0724j,Teydon Trembecky,LW,(N/A),false
i04lyl,Theo Calvas,D,(N/A),false
i05ug0,Theo Jacobsson,C,SJS,false
i061jr,Theo Keilin,LW,(N/A),false
i05r2z,Theo Lindstein,D,STL,false
i05ny5,Theo Nordlund,D,(N/A),false
i059dy,Theo Rochette,C,DET,false
i0054g,Theo Ruth,D,(N/A),false
i06sqc,Theo Stockselius,LW,CGY,false
i062lg,Theo Wallberg,D,OTT,false
i06uhd,Theodor Hallquisth,D,MIN,false
i061ky,Theodor Johnsson,D,(N/A),false
i076wn,Theodor Knights,D,UTA,false
i05j9l,Theodor Lennstrom,D,EDM,false
i05ku6,Theodor Niederbach,RW,WSH,false
i05twl,Thibault Fatton,G,(N/A),false
i05lto,Thimo Nickl,D,PIT,false
i003uy,Thomas Beauregard,RW,MTL,false
i05kj5,Thomas Bordeleau,C,(N/A),false
i0597v,Thomas Casey,LW,(N/A),false
i02o74,Thomas Di Pauli,RW,(N/A),false
i04l7l,Thomas Ebbing,C,(N/A),false
i0258a,Thomas Fenton,G,(N/A),false
i04l8u,Thomas Gregoire,D,SJS,false
i01nao,Thomas Heemskerk,G,(N/A),false
i060z7,Thomas Hodges,G,(N/A),false
i06c99,Thomas Kiesewetter,G,(N/A),false
i0243y,Thomas Larkin,D,(N/A),false
i03yqd,Thomas Lillie,G,(N/A),false
i05u3g,Thomas Milic,G,WPG,false
i03mwj,Thomas Parisi,D,(N/A),false
i03vlq,Thomas Raffl,LW,(N/A),false
i03rg0,Thomas Schemitsch,D,CBJ,false
i05uwv,Thomas Sinclair,C,(N/A),false
i02o83,Thomas Spelling,RW,NYR,false
i0760q,Thomas Vandenberg,C,LAK,false
i06chm,Thomas Verdon,LW,(N/A),false
i07aez,Thomas Zocco,RW,BOS,false
i07acx,Tiernan Shoudy,C,(N/A),false
i06jhc,Tij Iginla,LW,UTA,false
i05xnd,Tikhon Chayka,G,(N/A),false
i04r0g,Tim Berni,D,CBJ,false
i02npp,Tim Bozon,LW,(N/A),false
i04aro,Tim Campbell,D,(N/A),false
i0408i,Tim Clifton,C,(N/A),false
i003j1,Tim Conboy,D,(N/A),false
i042xu,Tim Gettinger,LW,DET,false
i005k5,Tim Hambly,D,(N/A),false
i031sd,Tim Harrison,RW,CGY,false
i02ug0,Tim Kirby,D,(N/A),false
i06kky,Tim Lovell,D,NYR,false
i03mwo,Tim McGauley,C,(N/A),false
i06bnm,Tim Metzger,G,(N/A),false
i003ih,Tim Ramholt,D,(N/A),false
i04f25,Tim Soderlund,C,(N/A),false
i023ot,Tim Spencer,C,WSH,false
i043ce,Tim Wahlgren,C,(N/A),false
i06sds,Tim Washe,C,ANA,false
i05o6i,Timo Braus,LW,(N/A),false
i03sdd,Timo Haussener,C,(N/A),false
i00qry,Timo Pielmeier,G,(N/A),false
i06hjc,Timofei Davydov,D,(N/A),false
i06mpf,Timofei Obvintsev,G,TOR,false
i076kk,Timofei Runtso,D,MTL,false
i05oyj,Timofey Spitserov,LW,SJS,false
i04mtk,Timotej Sille,C,(N/A),false
i02o79,Timothy Boyle,D,OTT,false
i07a2f,Timothy Kazda,F,(N/A),false
i05ad5,Timur Bilyalov,G,(N/A),false
i051vc,Timur Ibragimov,LW,(N/A),false
i06mhk,Timur Kol,D,CAR,false
i06ay1,Timur Mukhanov,LW,CAR,false
i06xvx,Tinus Luc Koblar,C,TOR,false
i061ly,Tnias Mathurin,D,(N/A),false
i045za,Tobias Eder,RW,(N/A),false
i04f2c,Tobias Geisser,D,WSH,false
i076xs,Tobias Krestan,RW,LAK,false
i031po,Tobias Lindberg,RW,(N/A),false
i06r67,Tobias Normann,G,(N/A),false
i02oz2,Tobias Tornqvist,RW,(N/A),false
i07337,Tobias Trejbal,G,CGY,false
i072h5,Tobias Tvrznik,G,COL,false
i05x9f,Tobie Bisson,D,BOS,false
i042wx,Todd Burgess,C,(N/A),false
i03d0y,Todd Fiddler,LW,(N/A),false
i0049p,Todd Ford,G,(N/A),false
i038mo,Todd Orlando,D,(N/A),false
i05xde,Tom Aubrun,G,CHI,false
i004m6,Tom Cavanagh,C,(N/A),false
i01072,Tom Fritsche,LW,(N/A),false
i015ou,Tom McCollum,G,NYR,false
i04m60,Tom Mediak,LW,(N/A),false
i02g9b,Tom Nilsson,D,(N/A),false
i00478,Tom Walsh,D,SJS,false
i06axr,Tom Willander,D,VAN,false
i05luk,Tomas Chlubna,RW,(N/A),false
i070fu,Tomas Chrenko,C,NYR,false
i072ax,Tomas Cibulka,D,EDM,false
i06mh7,Tomas Galvas,D,PIT,false
i05rj1,Tomas Hamara,D,OTT,false
i02fso,Tomas Hyka,RW,(N/A),false
i004mr,Tomas Kana,C,(N/A),false
i074mk,Tomas Kralovic,D,TBL,false
i01ujl,Tomas Kubalik,RW,(N/A),false
i004m4,Tomas Kudelka,D,(N/A),false
i013b6,Tomas Kundratek,D,(N/A),false
i06mgy,Tomas Lavoie,D,UTA,false
i05ugs,Tomas Machu,D,NYI,false
i005gq,Tomas Marcinko,C,(N/A),false
i051va,Tomas Mazura,C,EDM,false
i06mbj,Tomas Mrsic,C,STL,false
i06uvh,Tomas Poletin,LW,NYI,false
i003n3,Tomas Popperle,G,(N/A),false
i07a2m,Tomas Selic,RW,(N/A),false
i04kyr,Tomas Sholl,G,(N/A),false
i060yd,Tomas Simonsen,RW,(N/A),false
i02j0l,Tomas Slovak,D,(N/A),false
i045cl,Tomas Soustal,C,(N/A),false
i05tzr,Tomas Suchanek,G,ANA,false
i04f7k,Tomas Vomacka,G,(N/A),false
i040db,Tomi Karhunen,G,(N/A),false
i003i4,Tomi Maki,RW,(N/A),false
i03yrg,Tomi Sallinen,LW,(N/A),false
i06bnd,Tommaso De Luca,C,(N/A),false
i027c6,Tommi Kivisto,D,(N/A),false
i06j7u,Tommi Mannisto,RW,(N/A),false
i064tt,Tommy Apap,C,(N/A),false
i074v1,Tommy Bleyl,D,NSH,false
i03nue,Tommy Burke,G,(N/A),false
i06icq,Tommy Cormier,C,(N/A),false
i024dc,Tommy Cross,D,STL,false
i026h6,Tommy Grant,LW,(N/A),false
i02zli,Tommy Hughes,D,(N/A),false
i06sqr,Tommy Lafreniere,C,EDM,false
i04ffr,Tommy Miller,D,TBL,false
i049vj,Tommy Nappier,G,PIT,false
i066so,Tommy Purdeller,LW,(N/A),false
i066qf,Tommy Scarfone,G,(N/A),false
i031o7,Tommy Vannelli,D,(N/A),false
i031sp,Tommy Veilleux,LW,NSH,false
i01fui,Toni Rajala,RW,EDM,false
i04qzw,Toni Utunen,D,VAN,false
i04ob3,Tony Calderone,RW,(N/A),false
i02g06,Tony Cameranesi,C,TOR,false
i02yc8,Tony Capobianco,G,LAK,false
i01zua,Tony DeHart,D,(N/A),false
i01syx,Tony Lucia,LW,(N/A),false
i02ir1,Tony Romano,C,NYI,false
i050hh,Tony Sund,D,MTL,false
i038n5,Tony Turgeon,D,FLA,false
i05kj9,Topi Niemela,D,TOR,false
i060ng,Topi Ronni,C,(N/A),false
i05ylu,Topias Leinonen,G,BUF,false
i05twk,Topias Vilen,D,NJD,false
i01o7r,Torrie Jung,G,(N/A),false
i05x9b,Tory Dello,D,NJD,false
i06mgu,Tory Pitner,D,COL,false
i0430f,Travis Barron,LW,UTA,false
i02o8a,Travis Brown,D,MTL,false
i01f8q,Travis Ehrhardt,D,(N/A),false
i02ft6,Travis Ewanyk,LW,(N/A),false
i06uz2,Travis Hayes,RW,PIT,false
i06pos,Travis Howe,LW,(N/A),false
i05y38,Travis Mitchell,D,ANA,false
i02iye,Travis Oleksuk,C,(N/A),false
i01mkd,Travis Ramsey,D,(N/A),false
i04l7w,Travis St. Denis,RW,(N/A),false
i05uh2,Travis Treloar,C,(N/A),false
i01cid,Travis Turnbull,C,(N/A),false
i04l7e,Trent Fox,LW,(N/A),false
i051w5,Trent Miner,G,COL,false
i06lux,Trent Swick,LW,VGK,false
i06tmj,Trenten Bennett,G,NJD,false
i060g8,Trenton Bliss,LW,(N/A),false
i04f81,Trenton Bourque,D,(N/A),false
i05rzj,Trevin Kozlowski,G,MIN,false
i01c9p,Trevor Bruess,C,(N/A),false
i01dcb,Trevor Cann,G,(N/A),false
i02o7h,Trevor Carrick,D,FLA,false
i037a9,Trevor Cheek,LW,(N/A),false
i06h8h,Trevor Connelly,LW,VGK,false
i065jn,Trevor Cosgrove,D,NYI,false
i03mh0,Trevor Cox,LW,(N/A),false
i04nst,Trevor Hamilton,D,(N/A),false
i003mj,Trevor Hendrikx,D,(N/A),false
i06mqg,Trevor Hoskin,RW,CGY,false
i051un,Trevor Janicke,C,CGY,false
i05gb6,Trevor Kuntar,C,BUF,false
i015z1,Trevor Ludwig,D,(N/A),false
i0483l,Trevor Mingoia,RW,(N/A),false
i038mz,Trevor Murphy,D,(N/A),false
i023yu,Trevor Parkes,RW,SJS,false
i04m5y,Trevor Simonick,D,(N/A),false
i05u62,Trevor Wong,C,(N/A),false
i04xbi,Trevor Yates,C,(N/A),false
i068yu,Trey Augustine,G,DET,false
i04r1g,Trey Fix-Wolansky,RW,VAN,false
i06rpp,Trey Taylor,D,DAL,false
i06b7e,Tristan Allard,C,TBL,false
i07ant,Tristan Ashbrook,RW,(N/A),false
i06bah,Tristan Bertucci,D,DAL,false
i05tqw,Tristan Broz,LW,PIT,false
i01mw1,Tristan King,C,(N/A),false
i05r2h,Tristan Lennox,G,(N/A),false
i05rj3,Tristan Luneau,D,ANA,false
i05r2c,Tristan Mullin,LW,SEA,false
i060wr,Tristan Sarsland,D,SJS,false
i058oj,Tristan Scherwey,LW,(N/A),false
i04rfc,Tristen Nielsen,C,COL,false
i05lta,Tristen Robins,RW,OTT,false
i04yas,Tristin Langan,C,SJS,false
i0042u,Triston Grant,LW,DET,false
i02npx,Troy Bourke,C,(N/A),false
i04juw,Troy Crema,RW,(N/A),false
i0340k,Troy Donnay,D,(N/A),false
i02ia4,Troy Grosenick,G,MIN,false
i031v8,Troy Josephs,LW,PIT,false
i0597t,Troy Loggins,LW,(N/A),false
i01zue,Troy Rutkowski,D,(N/A),false
i03d0l,Troy Trombley,G,(N/A),false
i02g30,Troy Vance,D,(N/A),false
i05xyi,Tucker Robertson,C,(N/A),false
i05lur,Tucker Tynan,G,(N/A),false
i01sw1,Tuomas Kiiskinen,LW,(N/A),false
i06c1v,Tuomas Uronen,RW,VGK,false
i02fr9,Turner Elson,C,(N/A),false
i04l81,Turner Ottenbreit,D,MIN,false
i04zpb,Tuukka Tieksola,RW,CAR,false
i0440q,Ty Amonte,RW,(N/A),false
i038la,Ty Bilcke,RW,(N/A),false
i06cut,Ty Campbell,D,(N/A),false
i06h6v,Ty Cheveldayoff,LW,BUF,false
i06mhc,Ty Daneault,RW,(N/A),false
i03i5r,Ty Edmonds,G,(N/A),false
i05u0q,Ty Gallagher,D,BOS,false
i060qj,Ty Glover,LW,(N/A),false
i06bdu,Ty Halaburda,RW,(N/A),false
i072fi,Ty Hanson,D,(N/A),false
i06ckw,Ty Henricks,LW,NYR,false
i06mqy,Ty Henry,D,CHI,false
i06cf7,Ty Higgins,D,(N/A),false
i05m69,Ty Jackson,C,(N/A),false
i04ffs,Ty Lewis,LW,COL,false
i03sa5,Ty Loney,RW,(N/A),false
i064iq,Ty Mueller,C,VAN,false
i05u5f,Ty Murchison,D,PHI,false
i05rjf,Ty Nelson,D,SEA,false
i05rg4,Ty Pelton-Byce,LW,(N/A),false
i0321j,Ty Rimmer,G,(N/A),false
i0430n,Ty Ronning,RW,MIN,false
i05ykd,Ty Schultz,D,(N/A),false
i05kek,Ty Smilanic,C,MTL,false
i03kns,Ty Stanton,D,TOR,false
i04n90,Ty Taylor,G,TBL,false
i05td8,Ty Voit,C,(N/A),false
i00479,Ty Wishart,D,(N/A),false
i061lr,Ty Young,G,VAN,false
i051u0,Tyce Thompson,RW,NYI,false
i05rag,Tye Austin,G,(N/A),false
i048zm,Tye Felhaber,LW,SJS,false
i05xcy,Tye McSorley,RW,PHI,false
i051wd,Tyler Angle,C,(N/A),false
i03anl,Tyler Barnes,RW,(N/A),false
i037aa,Tyler Benson,LW,(N/A),false
i01mj9,Tyler Beskorowany,G,UTA,false
i025hy,Tyler Biggs,RW,(N/A),false
i03ecv,Tyler Bird,RW,(N/A),false
i04aou,Tyler Boland,C,(N/A),false
i05tuh,Tyler Boucher,RW,OTT,false
i05rf9,Tyler Brennan,G,(N/A),false
i02673,Tyler Brenner,RW,(N/A),false
i025mh,Tyler Brown,LW,(N/A),false
i01zrx,Tyler Bunz,G,(N/A),false
i015x4,Tyler Cuma,D,(N/A),false
i076y5,Tyler Deakos,RW,MTL,false
i0041g,Tyler Donati,RW,OTT,false
i061l1,Tyler Duke,D,PIT,false
i0733c,Tyler Dunbar,D,(N/A),false
i0055o,Tyler Eckford,D,(N/A),false
i031sc,Tyler Ganly,D,(N/A),false
i039vs,Tyler Gaudet,C,TOR,false
i03d0b,Tyler Gron,C,(N/A),false
i01mjg,Tyler Haskins,RW,NYI,false
i032dd,Tyler Hill,RW,(N/A),false
i06sq7,Tyler Hopkins,C,TOR,false
i01mo1,Tyler Hostetter,D,(N/A),false
i04f71,Tyler Inamoto,D,(N/A),false
i03xms,Tyler Kelleher,RW,DAL,false
i06rup,Tyler Kopff,LW,WSH,false
i031v4,Tyler Lewington,D,BOS,false
i04qyh,Tyler Madden,RW,MIN,false
i026sy,Tyler McNeely,LW,(N/A),false
i048vu,Tyler Morley,C,(N/A),false
i03rj7,Tyler Moy,C,(N/A),false
i04xcn,Tyler Mueller,D,(N/A),false
i060nx,Tyler Muszelik,G,FLA,false
i03ed0,Tyler Nanne,D,NYR,false
i048vq,Tyler Nother,D,(N/A),false
i03za0,Tyler Parks,G,(N/A),false
i042vy,Tyler Parsons,G,CGY,false
i064g6,Tyler Peddle,LW,CBJ,false
i003s7,Tyler Plante,G,(N/A),false
i026mk,Tyler Randell,RW,(N/A),false
i01s85,Tyler Ruegsegger,C,TOR,false
i065ar,Tyler Savard,LW,(N/A),false
i01n8d,Tyler Shattock,RW,(N/A),false
i03g48,Tyler Sheehy,C,MIN,false
i0055f,Tyler Shelast,RW,(N/A),false
i04kyg,Tyler Sikura,C,CBJ,false
i03sd9,Tyler Soy,C,(N/A),false
i0597w,Tyler Spezia,LW,DET,false
i003r2,Tyler Spurgeon,C,(N/A),false
i01zu2,Tyler Stahl,D,CAR,false
i04a56,Tyler Steenbergen,C,LAK,false
i04mdg,Tyler Stewart,G,(N/A),false
i06mj0,Tyler Thorpe,RW,MTL,false
i05ku8,Tyler Tullio,RW,UTA,false
i03edb,Tyler Vesel,C,(N/A),false
i042yq,Tyler Wall,G,PHI,false
i06ajq,Tyler Wallace,C,(N/A),false
i04qze,Tyler Weiss,LW,WSH,false
i043r3,Tyler Wong,RW,(N/A),false
i02b6z,Tyler Wotherspoon,D,(N/A),false
i03z66,Tylor Spink,C,(N/A),false
i06r63,Tynan Lawrence,C,STL,false
i05oy0,Tyrel Bauer,D,WPG,false
i02oe3,Tyrel Seaman,C,STL,false
i05rj7,Tyrell Boucher,D,(N/A),false
i031ow,Tyrell Goulbourne,LW,OTT,false
i03emu,Tyson Baillie,C,CGY,false
i061ia,Tyson Dyck,LW,OTT,false
i065d7,Tyson Feist,D,TBL,false
i05ufp,Tyson Galloway,D,(N/A),false
i072da,Tyson Gross,RW,CGY,false
i04l7i,Tyson Helgesen,D,CGY,false
i05ub3,Tyson Hinds,D,ANA,false
i061bc,Tyson Jugnauth,D,SEA,false
i05ug8,Tyson Kozak,C,BUF,false
i00qrx,Tyson Sexsmith,G,(N/A),false
i03z83,Tyson Spink,LW,(N/A),false
i02yeo,Tyson Teichmann,G,(N/A),false
i06chl,Tyson Zimmer,RW,(N/A),false
i076wr,Tyus Sparks,RW,WSH,false
i073ka,Urban Podrekar,D,(N/A),false
i03eaw,Vaclav Karabacek,RW,(N/A),false
i06sqp,Vaclav Nestrasil,RW,CHI,false
i024dk,Vadim Krasnoslobodtsev,LW,(N/A),false
i04auc,Vadim Kudako,D,(N/A),false
i066rc,Vadim Moroz,RW,UTA,false
i03l0w,Vadim Shipachyov,C,(N/A),false
i051wa,Vadim Zherenko,G,OTT,false
i06cf8,Valdemar Johansson,C,(N/A),false
i04xeg,Valentin Nussbaumer,C,UTA,false
i02yjr,Valentin Zykov,LW,(N/A),false
i04ylz,Valeri Orekhov,D,(N/A),false
i02odz,Valeri Vasiliev,D,(N/A),false
i05u33,Valtteri Koskela,D,(N/A),false
i06616,Valtteri Pulli,D,SJS,false
i051w6,Valtteri Puustinen,RW,COL,false
i06800,Valtteri Viirret,D,(N/A),false
i07ad7,Vann Williamson,D,(N/A),false
i06xxf,Vashek Blanar,D,BOS,false
i05ua4,Vasili Atanasov,LW,(N/A),false
i03wqk,Vasili Demchenko,G,MTL,false
i06iah,Vasili Dronyk,RW,(N/A),false
i06cfp,Vasili Machulin,D,(N/A),false
i05k8g,Vasili Ponomarev,C,PIT,false
i06l29,Vasili Zelenov,LW,BUF,false
i041fb,Vasily Glotov,C,BUF,false
i04aoh,Vasily Koshechkin,G,(N/A),false
i06md2,Veeti Louhivaara,G,NJD,false
i05k8d,Veeti Miettinen,RW,TOR,false
i03rid,Veeti Vainio,D,(N/A),false
i06hcu,Veeti Vaisanen,D,UTA,false
i03rro,Veini Vehvilainen,G,TOR,false
i062ip,Veit Oswald,RW,(N/A),false
i04dzc,Veli-Matti Savinainen,LW,(N/A),false
i04fh7,Venyamin Baranov,D,(N/A),false
i05ux8,Verner Miettinen,C,(N/A),false
i076kn,Vertti Svensk,D,LAK,false
i02yev,Victor Antipin,D,(N/A),false
i02g2v,Victor Berglind,D,(N/A),false
i04f8f,Victor Berglund,D,(N/A),false
i04nb3,Victor Brattstrom,G,DET,false
i031qm,Victor Crus Rydberg,C,NYI,false
i04akz,Victor Ejdsell,C,(N/A),false
i06pyw,Victor Eklund,LW,NYI,false
i06mr2,Victor Johansson,D,TOR,false
i05lu6,Victor Mancini,D,VAN,false
i024d2,Victor Ohman,C,(N/A),false
i004ke,Victor Oreskovich,RW,(N/A),false
i05no6,Victor Ostman,G,SEA,false
i0760p,Victor Plante,LW,DET,false
i06xwm,Victor Raftheim,D,CBJ,false
i05uhd,Victor Sjoholm,D,(N/A),false
i04zom,Victor Soderstrom,D,BOS,false
i05tqr,Victor Stjernborg,C,CHI,false
i05uw0,Viggo Andren,G,(N/A),false
i06lok,Viggo Bjorck,C,WPG,false
i06mjm,Viggo Gustafsson,D,NSH,false
i06xv8,Viggo Nordlund,LW,CAR,false
i06cf9,Viking Gustafsson Nyberg,D,MIN,false
i0244w,Viktor Alexandrov,RW,(N/A),false
i04ofx,Viktor Andren,G,(N/A),false
i015px,Viktor Dovgan,D,(N/A),false
i06ydq,Viktor Fedorov,C,SEA,false
i05ufu,Viktor Hurtig,D,NJD,false
i06pyn,Viktor Klingsell,LW,WPG,false
i051tz,Viktor Lodin,C,(N/A),false
i02oe6,Viktor Loov,D,(N/A),false
i06h25,Viktor Neuchev,LW,CAR,false
i06mqa,Viktor Norringer,LW,NSH,false
i05kdz,Viktor Persson,D,(N/A),false
i038t5,Viktor Svedberg,D,(N/A),false
i076re,Vilho Vanhatalo,LW,FLA,false
i03rfm,Vili Saarijarvi,D,CHI,false
i060x9,Viliam Kmec,D,VGK,false
i05u2i,Viljami Juusola,D,(N/A),false
i05ubc,Viljami Marjala,LW,EDM,false
i04zb7,Ville Heinola,D,VGK,false
i05tpa,Ville Koivunen,LW,PIT,false
i03a8k,Ville Kolppanen,G,(N/A),false
i04n0c,Ville Leskinen,RW,(N/A),false
i04mfa,Ville Meskanen,C,(N/A),false
i05uhf,Ville Ottavainen,D,SEA,false
i061wc,Ville Petman,LW,(N/A),false
i02nox,Ville Pokka,D,(N/A),false
i04f8h,Ville Rasanen,D,CAR,false
i06lus,Ville Viitanen,LW,(N/A),false
i06c5o,Vilmer Alriksson,LW,VAN,false
i06q38,Vince Elie,C,(N/A),false
i03km0,Vincent Arseneau,LW,MTL,false
i031qo,Vincent Dunn,C,(N/A),false
i05xug,Vincent Duplessis,G,COL,false
i060y8,Vincent Filion,G,(N/A),false
i05rjw,Vincent Iorio,D,NYR,false
i05r1k,Vincent Labelle,C,(N/A),false
i038lf,Vincent LoVerde,D,NYR,false
i05x70,Vincent Marleau,RW,(N/A),false
i04dj4,Vincent Praplan,C,(N/A),false
i065jo,Vincent Sevigny,D,MTL,false
i0622p,Vinny Borgesi,D,TOR,false
i02z2y,Vinny Saponari,RW,(N/A),false
i060jb,Vinzenz Rohrer,RW,MTL,false
i06c51,Visa Vedenpaa,G,SEA,false
i04ld8,Vitali Kravtsov,RW,(N/A),false
i06hk9,Vitali Pinchuk,C,NSH,false
i03yua,Vitaly Abramov,RW,OTT,false
i0243t,Vitaly Anikeyenko,D,OTT,false
i024y2,Vjateslav Buravchikov,D,BUF,false
i059da,Vladimir Alistrov,LW,(N/A),false
i042xd,Vladimir Bobylev,RW,TOR,false
i04zi9,Vladimir Bryukvin,RW,(N/A),false
i00qs8,Vladimir Denisov,D,(N/A),false
i004on,Vladimir Dravecky,RW,(N/A),false
i076q3,Vladimir Dravecky,D,NYI,false
i05xwq,Vladimir Galkin,G,(N/A),false
i060oq,Vladimir Grudinin,D,CAR,false
i04339,Vladimir Kuznetsov,RW,(N/A),false
i004ju,Vladimir Mihalik,D,(N/A),false
i06pdy,Vladimir Mikhalyov,LW,(N/A),false
i06cld,Vladimir Nikitin,G,OTT,false
i076qa,Vladimir Proskurin,G,STL,false
i07ag9,Vladimir Provorov,LW,(N/A),false
i01mkj,Vladimir Ruzicka,C,UTA,false
i05tda,Vladimir Sychyov,RW,(N/A),false
i03eq3,Vladimir Tkachev,LW,(N/A),false
i0511p,Vladislav Firstov,LW,(N/A),false
i03e1o,Vladislav Kamenev,RW,(N/A),false
i04f2f,Vladislav Kara,LW,TOR,false
i04r7d,Vladislav Kotkov,LW,SJS,false
i05u13,Vladislav Lukashevich,D,FLA,false
i061kw,Vladislav Pashuto,D,(N/A),false
i03yjp,Vladislav Podyapolsky,G,(N/A),false
i05rfr,Vladislav Provolnev,D,UTA,false
i060xl,Vladislav Romanov,F,(N/A),false
i043cf,Vladislav Sukhachkyov,G,(N/A),false
i04mku,Vladislav Syomin,D,(N/A),false
i04fps,Vladislav Yeryomenko,D,NSH,false
i042xk,Vojtech Budik,D,(N/A),false
i06spt,Vojtech Cihar,LW,LAK,false
i06mgs,Vojtech Hradec,C,UTA,false
i03qba,Vojtech Mozik,D,(N/A),false
i003oc,Vojtech Polak,LW,(N/A),false
i06bea,Vojtech Port,D,ANA,false
i04zp1,Vojtech Strondala,C,(N/A),false
i0464t,Vojtech Zelenak,D,(N/A),false
i062si,Vsevolod Komarov,D,BUF,false
i07anz,Vsevolod Logvin,C,(N/A),false
i05n1g,Vsevolod Skotnikov,G,(N/A),false
i062q9,Vyacheslav Buteyets,G,ANA,false
i032gs,Vyacheslav Leshchenko,RW,(N/A),false
i06cfu,Vyacheslav Malov,RW,(N/A),false
i03cbb,Vyacheslav Osnovin,C,(N/A),false
i05ug6,Vyacheslav Peksa,G,TOR,false
i003r9,Vyacheslav Trukhno,LW,(N/A),false
i025t2,Wacey Hamilton,RW,VAN,false
i004l5,Wacey Rabbit,C,(N/A),false
i03kil,Wade Epp,D,WSH,false
i031um,Wade Murphy,RW,NSH,false
i04xap,Walter Flower,D,TBL,false
i03g47,Waltteri Hopponen,RW,(N/A),false
i06idn,Waltteri Ignatjew,G,(N/A),false
i06aw6,Waltteri Merela,RW,TBL,false
i06cky,Warren Clark,D,TBL,false
i04g3m,Wayne Simpson,RW,(N/A),false
i004pa,Wes O'Neill,D,(N/A),false
i02ob3,Wesley Myron,LW,(N/A),false
i076yp,Wesley Royston,RW,MTL,false
i075k8,Wiggo Sorensson,C,CAR,false
i06jhb,Wiktor Nilsson,RW,(N/A),false
i031qz,Wiley Sherman,D,(N/A),false
i031uk,Wilhelm Westlund,D,(N/A),false
i031vd,Will Acton,C,(N/A),false
i042w8,Will Bitten,C,FLA,false
i05rj8,Will Calverley,C,(N/A),false
i05kdy,Will Cranley,G,STL,false
i05rgf,Will Cullen,D,(N/A),false
i06qw4,Will Elger,RW,(N/A),false
i07acu,Will Gilson,D,(N/A),false
i05o4h,Will Graber,C,(N/A),false
i0598g,Will Lochead,D,FLA,false
i065as,Will MacKinnon,D,PHI,false
i065js,Will MacKinnon,D,CBJ,false
i076y7,Will McLaughlin,D,VGK,false
i06xxv,Will Murphy,D,DET,false
i02j0g,Will O'Neill,D,(N/A),false
i04f90,Will Reilly,D,PIT,false
i06uhc,Will Reynolds,D,SEA,false
i065in,Will Riedell,D,(N/A),false
i06sqg,Will Sharpe,D,LAK,false
i06hcx,Will Skahan,D,UTA,false
i06bdp,Will Vote,RW,(N/A),false
i04kyi,Will Warm,D,(N/A),false
i01nli,Will Weber,D,(N/A),false
i06ak4,Will Zmolek,D,MIN,false
i06tmt,William Belle,RW,TOR,false
i048zo,William Corrin,D,(N/A),false
i05nfy,William Dufour,RW,(N/A),false
i051vb,William Francis,D,(N/A),false
i06cg7,William Gramme,G,(N/A),false
i0760v,William Hakansson,D,CAR,false
i06axx,William Horcoff,C,PIT,false
i043c4,William Knierim,RW,(N/A),false
i042w3,William Lockwood,RW,FLA,false
i06mr0,William McIsaac,D,STL,false
i06hj8,William Moore,C,BOS,false
i06mjr,William Nicholl,C,EDM,false
i04kyf,William Pelletier,LW,MTL,false
i049fr,William Pethrus,D,(N/A),false
i0620v,William Proos,LW,(N/A),false
i05gdc,William Rousseau,G,MIN,false
i06mqb,William Samuelsson,C,DAL,false
i076xh,William Sorbrand,C,CHI,false
i05tdb,William Stromgren,LW,CGY,false
i076xl,William Tomko,RW,SEA,false
i05u4d,William Trudeau,D,NSH,false
i05kdv,William Villeneuve,D,TOR,false
i05u0j,William von Barnekow,LW,BUF,false
i05af9,William Wallinder,D,DET,false
i064wn,William Whitelaw,RW,CBJ,false
i04r10,William Worge Kreu,D,BUF,false
i01mnt,William Wrenn,D,SJS,false
i06loa,William Zellers,LW,BOS,false
i01mlq,Willie Coetzee,RW,(N/A),false
i060uq,Wilmer Skoog,C,DET,false
i06rqn,Wilson Bjorck,LW,VAN,false
i06uha,Wojciech Stachowiak,LW,(N/A),false
i042wi,Wouter Peeters,G,CHI,false
i060w9,Wyatt Aamodt,D,COL,false
i060x7,Wyatt Bongiovanni,C,BOS,false
i03vlr,Wyatt Cota,D,(N/A),false
i075ko,Wyatt Cullen,LW,NSH,false
i03wki,Wyatt Johnson,C,(N/A),false
i04f8g,Wyatt Kalynuk,D,STL,false
i05x9y,Wyatt McLeod,D,TBL,false
i05tat,Wyatt Newpower,D,MIN,false
i05n1j,Wyatt Schingoethe,C,TOR,false
i04qzu,Wyatte Wylie,D,MTL,false
i04qzf,Xavier Bernard,D,EDM,false
i04lch,Xavier Bouchard,D,(N/A),false
i05r1j,Xavier Bourgault,C,OTT,false
i05x9u,Xavier Cormier,C,TBL,false
i04ame,Xavier Parent,LW,NJD,false
i051xk,Xavier Simoneau,C,MTL,false
i06lo5,Xavier Veilleux,D,NYI,false
i070fr,Xavier Villeneuve,D,CHI,false
i05yk9,Xudong Xiang,F,(N/A),false
i05kj8,Yan Kuznetsov,D,CGY,false
i06xwr,Yan Matveiko,C,CGY,false
i031oj,Yan Pavel Laplante,LW,(N/A),false
i06qpb,Yan Shostak,G,(N/A),false
i04l7x,Yanick Turcotte,LW,(N/A),false
i05y5p,Yaniv Perets,G,(N/A),false
i015p4,Yann Sauve,D,(N/A),false
i05x1e,Yanni Kaldis,D,EDM,false
i05nb1,Yannick Bruschweiler,LW,(N/A),false
i03xu3,Yannick Rathgeb,D,(N/A),false
i02frm,Yannick Veilleux,LW,(N/A),false
i04ggj,Yaroslav Alexeyev,LW,(N/A),false
i076wq,Yaroslav Bryzgalov,LW,VAN,false
i05xt3,Yaroslav Busygin,D,(N/A),false
i04c35,Yaroslav Dyblenko,D,(N/A),false
i076xj,Yaroslav Fedoseyev,D,TOR,false
i06mqu,Yaroslav Korostelyov,G,SJS,false
i02fzn,Yaroslav Kosov,LW,FLA,false
i04xln,Yaroslav Likhachyov,RW,(N/A),false
i074ah,Yaroslav Mukhranov,D,(N/A),false
i06c9c,Yaroslav Tsulygin,D,(N/A),false
i061be,Yaroslav Yapparov,LW,(N/A),false
i04q8e,Yasin Ehliz,LW,(N/A),false
i043po,Yegor Babenko,RW,(N/A),false
i06uh8,Yegor Borikov,RW,UTA,false
i05o6s,Yegor Chizhikov,LW,(N/A),false
i05r1f,Yegor Guskov,G,(N/A),false
i06bdf,Yegor Klimovich,C,(N/A),false
i079wo,Yegor Kramzin,G,(N/A),false
i060wq,Yegor Kuimov,LW,(N/A),false
i06xxu,Yegor Midlak,G,FLA,false
i04n4o,Yegor Morozov,RW,(N/A),false
i05ugo,Yegor Naumov,G,CAR,false
i06clh,Yegor Rimashevskiy,RW,SJS,false
i076km,Yegor Rybkin,G,LAK,false
i03wqg,Yegor Rykov,D,(N/A),false
i05uxj,Yegor Savikov,D,(N/A),false
i071wp,Yegor Shilov,C,COL,false
i0618l,Yegor Sidorov,RW,ANA,false
i05no7,Yegor Smirnov,D,(N/A),false
i04zov,Yegor Spiridonov,C,SJS,false
i05lnm,Yegor Suchkov,LW,(N/A),false
i06loc,Yegor Surin,RW,NSH,false
i06cln,Yegor Velmakin,G,CAR,false
i0725y,Yegor Vinogradov,C,(N/A),false
i06cdq,Yegor Yegorov,G,CGY,false
i04f8o,Yegor Zaitsev,D,NJD,false
i06c40,Yegor Zavragin,G,PHI,false
i03bqj,Yevgeni Ivannikov,G,(N/A),false
i03d07,Yevgeni Krutikov,LW,(N/A),false
i051x9,Yevgeni Oksentyuk,LW,DAL,false
i06xwe,Yevgeni Prokhorov,G,BUF,false
i06c91,Yevgeni Volokhin,G,MTL,false
i07a2r,Yevgeni Yakunin,C,(N/A),false
i066el,Yoan Loshing,C,(N/A),false
i04110,Yohann Auvitu,D,(N/A),false
i06chg,Yuki Miura,C,(N/A),false
i076wk,Yuri Ivanov,G,BOS,false
i03f28,Yuri Terao,RW,(N/A),false
i01uog,Yury Alexandrov,D,(N/A),false
i05rim,Yusaku Ando,RW,(N/A),false
i065im,Yushiro Hirano,RW,VAN,false
i06hk5,Zac Funk,RW,BUF,false
i05xcs,Zac Jordan,RW,CBJ,false
i02z9a,Zac Larraza,LW,UTA,false
i03ym2,Zac Lynch,LW,(N/A),false
i06c45,Zaccharaya Wisdom,RW,SEA,false
i061l2,Zach Bookman,D,EDM,false
i01f6m,Zach Budish,RW,(N/A),false
i01szh,Zach Cohen,LW,(N/A),false
i05r2l,Zach Dean,C,STL,false
i05gsu,Zach Driscoll,G,(N/A),false
i04f77,Zach Fischer,RW,CGY,false
i04xcg,Zach Frye,D,VAN,false
i02ycq,Zach Fucale,G,(N/A),false
i04f1k,Zach Gallant,C,NJD,false
i05nfo,Zach Giuttari,D,NYR,false
i030wi,Zach Hall,C,(N/A),false
i003fq,Zach Hamill,C,(N/A),false
i038k3,Zach Harnden,LW,(N/A),false
i0760s,Zach Lansard,RW,CAR,false
i031sw,Zach Leslie,D,OTT,false
i01fj7,Zach McKelvie,D,CGY,false
i05rer,Zach Metsa,D,BUF,false
i01cdl,Zach Miskovic,D,(N/A),false
i031o8,Zach Nastasiuk,RW,STL,false
i02g02,Zach O'Brien,RW,TOR,false
i076rl,Zach Olsen,RW,TOR,false
i03mpt,Zach Palmquist,D,(N/A),false
i031py,Zach Pochiro,LW,(N/A),false
i03b0n,Zach Saar,RW,(N/A),false
i048tb,Zach Schroeder,RW,(N/A),false
i06be0,Zach Schulz,D,NYI,false
i03rac,Zach Senyshyn,RW,(N/A),false
i04fpn,Zach Solow,C,TOR,false
i05gt3,Zach Uens,D,TBL,false
i06sn1,Zach Urdahl,LW,PIT,false
i0769u,Zach Wooten,C,WPG,false
i05x9s,Zachary Berzolla,D,(N/A),false
i066c9,Zachary Borgiel,G,(N/A),false
i04r1k,Zachary Bouthillier,G,TOR,false
i04r0t,Zachary Emond,G,(N/A),false
i076y8,Zachary Jovanovski,G,CAR,false
i04rnm,Zachary Magwood,C,NSH,false
i065ge,Zachary Massicotte,D,OTT,false
i03ec9,Zachary Nagelvoort,G,EDM,false
i06c1s,Zachary Nehring,RW,WPG,false
i051wy,Zachary Okabe,RW,(N/A),false
i05oj8,Zachary Paputsakis,G,(N/A),false
i04l83,Zachary Roberts,LW,(N/A),false
i043c8,Zachary Sawchenko,G,CAR,false
i06xy2,Zachary Sharp,D,EDM,false
i02o7e,Zachary Stepan,C,NSH,false
i02frp,Zachary Yuen,D,(N/A),false
i079ga,Zack Bleick,D,WSH,false
i059a7,Zack Hayes,D,NSH,false
i03bfk,Zack Mitchell,RW,(N/A),false
i02b3m,Zack Phillips,C,(N/A),false
i05uno,Zack Stringer,LW,(N/A),false
i0219i,Zack Torquato,C,(N/A),false
i062q5,Zakary Karpa,C,NYR,false
i062li,Zakary Lavoie,RW,(N/A),false
i05rdi,Zakhar Bardakov,LW,COL,false
i060xe,Zakhar Polshakov,C,(N/A),false
i05yn7,Zam Plante,C,PIT,false
i04n73,Zane Kalemba,G,(N/A),false
i01zrv,Zane McIntyre,G,MIN,false
i05ltc,Zayde Wisdom,RW,(N/A),false
i06hco,Zayne Parekh,D,CGY,false
i06bnk,Zeb Forsfjall,C,SEA,false
i06sqe,Zeb Lindgren,D,NYR,false
i04l9d,Zehao Sun,G,(N/A),false
i05yk6,Zesen Zhang,F,(N/A),false
i03nq5,Ziga Jeglic,LW,(N/A),false
i05yke,Zimeng Chen,D,(N/A),false
i05k9f,Zion Nybeck,LW,(N/A),false
i03rk4,Ziyat Paigin,D,EDM,false
i02t4q,Zoltan Hetenyi,G,(N/A),false
